/*
Navicat MySQL Data Transfer

Source Server         : R2dc
Source Server Version : 50540
Source Host           : 203.157.118.122:3306
Source Database       : r2dc

Target Server Type    : MYSQL
Target Server Version : 50540
File Encoding         : 65001

Date: 2015-06-20 14:10:09
*/

SET FOREIGN_KEY_CHECKS=0;

-- ----------------------------
-- Table structure for campur
-- ----------------------------
DROP TABLE IF EXISTS `campur`;
CREATE TABLE `campur` (
  `ampcode` varchar(2) NOT NULL,
  `ampname` varchar(255) DEFAULT NULL,
  `ampcodefull` varchar(4) NOT NULL,
  `provcode` varchar(2) NOT NULL,
  `flag_status` char(1) DEFAULT '0' COMMENT 'สถานนะของพื้นที่ 0=ปกติ 1=เลิกใช้(แยก/ย้ายไปพื้นที่อื่น)',
  PRIMARY KEY (`ampcode`,`ampcodefull`,`provcode`),
  KEY `idx1` (`ampcodefull`)
) ENGINE=InnoDB DEFAULT CHARSET=utf8;

-- ----------------------------
-- Records of campur
-- ----------------------------
INSERT INTO `campur` VALUES ('01', 'เมืองอุตรดิตถ์', '5301', '53', '0');
INSERT INTO `campur` VALUES ('01', 'เมืองตาก', '6301', '63', '0');
INSERT INTO `campur` VALUES ('01', 'เมืองสุโขทัย', '6401', '64', '0');
INSERT INTO `campur` VALUES ('01', 'เมืองพิษณุโลก', '6501', '65', '0');
INSERT INTO `campur` VALUES ('01', 'เมืองเพชรบูรณ์', '6701', '67', '0');
INSERT INTO `campur` VALUES ('02', 'ตรอน', '5302', '53', '0');
INSERT INTO `campur` VALUES ('02', 'บ้านตาก', '6302', '63', '0');
INSERT INTO `campur` VALUES ('02', 'บ้านด่านลานหอย', '6402', '64', '0');
INSERT INTO `campur` VALUES ('02', 'นครไทย', '6502', '65', '0');
INSERT INTO `campur` VALUES ('02', 'ชนแดน', '6702', '67', '0');
INSERT INTO `campur` VALUES ('03', 'ท่าปลา', '5303', '53', '0');
INSERT INTO `campur` VALUES ('03', 'สามเงา', '6303', '63', '0');
INSERT INTO `campur` VALUES ('03', 'คีรีมาศ', '6403', '64', '0');
INSERT INTO `campur` VALUES ('03', 'ชาติตระการ', '6503', '65', '0');
INSERT INTO `campur` VALUES ('03', 'หล่มสัก', '6703', '67', '0');
INSERT INTO `campur` VALUES ('04', 'น้ำปาด', '5304', '53', '0');
INSERT INTO `campur` VALUES ('04', 'แม่ระมาด', '6304', '63', '0');
INSERT INTO `campur` VALUES ('04', 'กงไกรลาศ', '6404', '64', '0');
INSERT INTO `campur` VALUES ('04', 'บางระกำ', '6504', '65', '0');
INSERT INTO `campur` VALUES ('04', 'หล่มเก่า', '6704', '67', '0');
INSERT INTO `campur` VALUES ('05', 'ฟากท่า', '5305', '53', '0');
INSERT INTO `campur` VALUES ('05', 'ท่าสองยาง', '6305', '63', '0');
INSERT INTO `campur` VALUES ('05', 'ศรีสัชนาลัย', '6405', '64', '0');
INSERT INTO `campur` VALUES ('05', 'บางกระทุ่ม', '6505', '65', '0');
INSERT INTO `campur` VALUES ('05', 'วิเชียรบุรี', '6705', '67', '0');
INSERT INTO `campur` VALUES ('06', 'บ้านโคก', '5306', '53', '0');
INSERT INTO `campur` VALUES ('06', 'แม่สอด', '6306', '63', '0');
INSERT INTO `campur` VALUES ('06', 'ศรีสำโรง', '6406', '64', '0');
INSERT INTO `campur` VALUES ('06', 'พรหมพิราม', '6506', '65', '0');
INSERT INTO `campur` VALUES ('06', 'ศรีเทพ', '6706', '67', '0');
INSERT INTO `campur` VALUES ('07', 'พิชัย', '5307', '53', '0');
INSERT INTO `campur` VALUES ('07', 'พบพระ', '6307', '63', '0');
INSERT INTO `campur` VALUES ('07', 'สวรรคโลก', '6407', '64', '0');
INSERT INTO `campur` VALUES ('07', 'วัดโบสถ์', '6507', '65', '0');
INSERT INTO `campur` VALUES ('07', 'หนองไผ่', '6707', '67', '0');
INSERT INTO `campur` VALUES ('08', 'ลับแล', '5308', '53', '0');
INSERT INTO `campur` VALUES ('08', 'อุ้มผาง', '6308', '63', '0');
INSERT INTO `campur` VALUES ('08', 'ศรีนคร', '6408', '64', '0');
INSERT INTO `campur` VALUES ('08', 'วังทอง', '6508', '65', '0');
INSERT INTO `campur` VALUES ('08', 'บึงสามพัน', '6708', '67', '0');
INSERT INTO `campur` VALUES ('09', 'ทองแสนขัน', '5309', '53', '0');
INSERT INTO `campur` VALUES ('09', 'วังเจ้า', '6309', '63', '0');
INSERT INTO `campur` VALUES ('09', 'ทุ่งเสลี่ยม', '6409', '64', '0');
INSERT INTO `campur` VALUES ('09', 'เนินมะปราง', '6509', '65', '0');
INSERT INTO `campur` VALUES ('09', 'น้ำหนาว', '6709', '67', '0');
INSERT INTO `campur` VALUES ('10', 'วังโป่ง', '6710', '67', '0');
INSERT INTO `campur` VALUES ('11', 'เขาค้อ', '6711', '67', '0');

-- ----------------------------
-- Table structure for cchangwat
-- ----------------------------
DROP TABLE IF EXISTS `cchangwat`;
CREATE TABLE `cchangwat` (
  `provcode` varchar(2) NOT NULL,
  `provname` varchar(255) DEFAULT NULL,
  `zonecode` varchar(2) DEFAULT NULL,
  PRIMARY KEY (`provcode`)
) ENGINE=InnoDB DEFAULT CHARSET=utf8;

-- ----------------------------
-- Records of cchangwat
-- ----------------------------
INSERT INTO `cchangwat` VALUES ('53', 'อุตรดิตถ์', '02');
INSERT INTO `cchangwat` VALUES ('63', 'ตาก', '02');
INSERT INTO `cchangwat` VALUES ('64', 'สุโขทัย', '02');
INSERT INTO `cchangwat` VALUES ('65', 'พิษณุโลก', '02');
INSERT INTO `cchangwat` VALUES ('67', 'เพชรบูรณ์', '02');

-- ----------------------------
-- Table structure for chos
-- ----------------------------
DROP TABLE IF EXISTS `chos`;
CREATE TABLE `chos` (
  `hospcode` varchar(255) NOT NULL,
  `hospname` varchar(255) DEFAULT NULL,
  `provcode` varchar(255) DEFAULT NULL,
  `provname` varchar(255) DEFAULT NULL,
  PRIMARY KEY (`hospcode`)
) ENGINE=InnoDB DEFAULT CHARSET=utf8;

-- ----------------------------
-- Records of chos
-- ----------------------------
INSERT INTO `chos` VALUES ('10673', 'รพ.อุตรดิตถ์', '53', 'อุตรดิตถ์');
INSERT INTO `chos` VALUES ('10676', 'รพ.พุทธชินราช', '65', 'พิษณุโลก');
INSERT INTO `chos` VALUES ('10722', 'รพ.สมเด็จพระเจ้าตากสินมหาราช', '63', 'ตาก');
INSERT INTO `chos` VALUES ('10723', 'รพ.แม่สอด', '63', 'ตาก');
INSERT INTO `chos` VALUES ('10724', 'รพ.สุโขทัย', '64', 'สุโขทัย');
INSERT INTO `chos` VALUES ('10725', 'รพ.ศรีสังวรสุโขทัย', '64', 'สุโขทัย');
INSERT INTO `chos` VALUES ('10727', 'รพ.เพชรบูรณ์', '67', 'เพชรบูรณ์');
INSERT INTO `chos` VALUES ('11158', 'รพ.ตรอน', '53', 'อุตรดิตถ์');
INSERT INTO `chos` VALUES ('11159', 'รพ.ท่าปลา', '53', 'อุตรดิตถ์');
INSERT INTO `chos` VALUES ('11160', 'รพ.น้ำปาด', '53', 'อุตรดิตถ์');
INSERT INTO `chos` VALUES ('11161', 'รพ.ฟากท่า', '53', 'อุตรดิตถ์');
INSERT INTO `chos` VALUES ('11162', 'รพ.บ้านโคก', '53', 'อุตรดิตถ์');
INSERT INTO `chos` VALUES ('11163', 'รพ.พิชัย', '53', 'อุตรดิตถ์');
INSERT INTO `chos` VALUES ('11164', 'รพ.ลับแล', '53', 'อุตรดิตถ์');
INSERT INTO `chos` VALUES ('11165', 'รพ.ทองแสนขัน', '53', 'อุตรดิตถ์');
INSERT INTO `chos` VALUES ('11238', 'รพ.บ้านตาก', '63', 'ตาก');
INSERT INTO `chos` VALUES ('11239', 'รพ.สามเงา', '63', 'ตาก');
INSERT INTO `chos` VALUES ('11240', 'รพ.แม่ระมาด', '63', 'ตาก');
INSERT INTO `chos` VALUES ('11241', 'รพ.ท่าสองยาง', '63', 'ตาก');
INSERT INTO `chos` VALUES ('11242', 'รพ.พบพระ', '63', 'ตาก');
INSERT INTO `chos` VALUES ('11243', 'รพ.อุ้มผาง', '63', 'ตาก');
INSERT INTO `chos` VALUES ('11244', 'รพ.บ้านด่านลานหอย', '64', 'สุโขทัย');
INSERT INTO `chos` VALUES ('11245', 'รพ.คีรีมาศ', '64', 'สุโขทัย');
INSERT INTO `chos` VALUES ('11246', 'รพ.กงไกรลาศ', '64', 'สุโขทัย');
INSERT INTO `chos` VALUES ('11247', 'รพ.ศรีสัชนาลัย', '64', 'สุโขทัย');
INSERT INTO `chos` VALUES ('11248', 'รพ.สวรรคโลก', '64', 'สุโขทัย');
INSERT INTO `chos` VALUES ('11249', 'รพ.ศรีนคร', '64', 'สุโขทัย');
INSERT INTO `chos` VALUES ('11250', 'รพ.ทุ่งเสลี่ยม', '64', 'สุโขทัย');
INSERT INTO `chos` VALUES ('11251', 'รพ.ชาติตระการ', '65', 'พิษณุโลก');
INSERT INTO `chos` VALUES ('11252', 'รพ.บางระกำ', '65', 'พิษณุโลก');
INSERT INTO `chos` VALUES ('11253', 'รพ.บางกระทุ่ม', '65', 'พิษณุโลก');
INSERT INTO `chos` VALUES ('11254', 'รพ.พรหมพิราม', '65', 'พิษณุโลก');
INSERT INTO `chos` VALUES ('11255', 'รพ.วัดโบสถ์', '65', 'พิษณุโลก');
INSERT INTO `chos` VALUES ('11256', 'รพ.วังทอง', '65', 'พิษณุโลก');
INSERT INTO `chos` VALUES ('11257', 'รพ.เนินมะปราง', '65', 'พิษณุโลก');
INSERT INTO `chos` VALUES ('11264', 'รพ.ชนแดน', '67', 'เพชรบูรณ์');
INSERT INTO `chos` VALUES ('11265', 'รพ.หล่มสัก', '67', 'เพชรบูรณ์');
INSERT INTO `chos` VALUES ('11266', 'รพ.วิเชียรบุรี', '67', 'เพชรบูรณ์');
INSERT INTO `chos` VALUES ('11267', 'รพ.ศรีเทพ', '67', 'เพชรบูรณ์');
INSERT INTO `chos` VALUES ('11268', 'รพ.หนองไผ่', '67', 'เพชรบูรณ์');
INSERT INTO `chos` VALUES ('11269', 'รพ.บึงสามพัน', '67', 'เพชรบูรณ์');
INSERT INTO `chos` VALUES ('11270', 'รพ.น้ำหนาว', '67', 'เพชรบูรณ์');
INSERT INTO `chos` VALUES ('11271', 'รพ.วังโป่ง', '67', 'เพชรบูรณ์');
INSERT INTO `chos` VALUES ('11272', 'รพ.เขาค้อ', '67', 'เพชรบูรณ์');
INSERT INTO `chos` VALUES ('11455', 'รพร.นครไทย', '65', 'พิษณุโลก');
INSERT INTO `chos` VALUES ('11457', 'รพร.หล่มเก่า', '67', 'เพชรบูรณ์');
INSERT INTO `chos` VALUES ('27443', 'รพช. วังเจ้า', '63', 'ตาก');

-- ----------------------------
-- Table structure for chospital2
-- ----------------------------
DROP TABLE IF EXISTS `chospital2`;
CREATE TABLE `chospital2` (
  `hospcode` char(5) NOT NULL DEFAULT '',
  `hosname` varchar(255) DEFAULT NULL,
  `hostype` char(2) DEFAULT NULL,
  `htype` varchar(1) DEFAULT NULL,
  `address` varchar(50) DEFAULT NULL,
  `road` varchar(50) DEFAULT NULL,
  `mu` varchar(2) DEFAULT NULL,
  `subdistcode` char(2) DEFAULT NULL,
  `ampcode` char(2) DEFAULT NULL,
  `provcode` char(2) DEFAULT NULL,
  `postcode` char(5) DEFAULT NULL,
  `hoscodenew` char(9) DEFAULT NULL,
  `bed` char(5) DEFAULT '0' COMMENT 'จำนวนเตียง',
  `level_service` varchar(255) DEFAULT NULL COMMENT 'ระดับการบริการ',
  `bedhos` char(5) DEFAULT NULL,
  PRIMARY KEY (`hospcode`)
) ENGINE=InnoDB DEFAULT CHARSET=utf8;

-- ----------------------------
-- Records of chospital2
-- ----------------------------
INSERT INTO `chospital2` VALUES ('06251', 'รพ.สต.ม่อนดินแดง ตำบลท่าเสา', '03', '2', 'ม.5 บ้านม่อนดินแดง ต.ท่าเสา อ.เมืองอุตรดิตถ์', '', '05', '02', '01', '53', '', '000625100', '0', '10-1 ปฐมภูมิ', '0');
INSERT INTO `chospital2` VALUES ('06252', 'รพ.สต.บ้านเกาะ', '03', '2', 'ม.6 บ้านคุ้งวารี ต.บ้านเกาะ อ.เมืองอุตรดิตถ์', '', '06', '03', '01', '53', '', '000625200', '0', '10-1 ปฐมภูมิ', '0');
INSERT INTO `chospital2` VALUES ('06253', 'รพ.สต.ป่าเซ่า', '03', '2', 'ม.5 บ้านหนองกราย ต.ป่าเซ่า อ.เมืองอุตรดิตถ์', '', '05', '04', '01', '53', '', '000625300', '0', '10-1 ปฐมภูมิ', '0');
INSERT INTO `chospital2` VALUES ('06254', 'รพ.สต.คุ้งตะเภา', '03', '2', 'ม.4 บ้านคุ้งตะเภา ต.คุ้งตะเภา อ.เมืองอุตรดิตถ์', '', '04', '05', '01', '53', '', '000625400', '0', '10-1 ปฐมภูมิ', '0');
INSERT INTO `chospital2` VALUES ('06255', 'รพ.สต.วังกะพี้', '03', '2', 'ม.4 บ้านวังกะพี้ ต.วังกะพี้ อ. เมืองอุตรดิตถ์', '', '04', '06', '01', '53', '', '000625500', '0', '10-1 ปฐมภูมิ', '0');
INSERT INTO `chospital2` VALUES ('06256', 'รพ.สต.หาดกรวด', '03', '2', 'ม.1 บ้านทับใหม่ ต.หาดกรวด อ.เมืองอุตรดิตถ์', '', '01', '07', '01', '53', '', '000625600', '0', '10-1 ปฐมภูมิ', '0');
INSERT INTO `chospital2` VALUES ('06257', 'รพ.สต.บ้านท่า ตำบลหาดกรวด', '03', '2', 'ม. 5 บ้านท่า ต.หาดกรวด อ.เมืองอุตรดิตถ์', '', '05', '07', '01', '53', '', '000625700', '0', '10-1 ปฐมภูมิ', '0');
INSERT INTO `chospital2` VALUES ('06258', 'รพ.สต.น้ำริด', '03', '2', 'ม. 3 บ้านไร่ ต.น้ำริด อ. เมืองอุตรดิตถ์', '', '03', '08', '01', '53', '', '000625800', '0', '10-1 ปฐมภูมิ', '0');
INSERT INTO `chospital2` VALUES ('06259', 'รพ.สต.บ้านชายเขา  ตำบลน้ำริด', '03', '2', 'ม.5 บ้านชายเขา ต.น้ำริด อ.เมืองอุตรดิตถ์', '', '05', '08', '01', '53', '', '000625900', '0', '10-1 ปฐมภูมิ', '0');
INSERT INTO `chospital2` VALUES ('06260', 'รพ.สต.บ้านวังสีสูบ ', '03', '2', 'ม.2 บ้านวังสีสูบ ต.งิ้วงาม อ.เมืองอุตรดิตถ์', '', '02', '09', '01', '53', '', '000626000', '0', '10-1 ปฐมภูมิ', '0');
INSERT INTO `chospital2` VALUES ('06261', 'สอ.เฉลิมพระเกียรติ 60 พรรษา นวมินทราชินี ', '03', '2', ' ม.8 บ้านปากฝาง ต.งิ้วงาม อ. เมืองอุตรดิตถ์', '', '08', '09', '01', '53', '', '000626100', '0', '10-1 ปฐมภูมิ', '0');
INSERT INTO `chospital2` VALUES ('06262', 'รพ.สต.บ้านด่านนาขาม', '03', '2', 'ม. 1 บ้านฟากท่า ต.บ้านด่านนาขาม อ.เมืองอุตรดิตถ์', '', '01', '10', '01', '53', '', '000626200', '0', '10-1 ปฐมภูมิ', '0');
INSERT INTO `chospital2` VALUES ('06263', 'รพ.สต.บ้านห้วยฮ้า ตำบลบ้านด่านนาขาม', '03', '2', 'ม. 7 บ้านไฮ่ฮ้า ต. บ้านด่านนาขาม อ.เมืองอุตรดิตถ์', '', '07', '10', '01', '53', '', '000626300', '0', '10-1 ปฐมภูมิ', '0');
INSERT INTO `chospital2` VALUES ('06264', 'รพ.สต.บ้านด่าน', '03', '2', 'ม. 3 บ้านเด่นด่าน (ด่านน้ำ) ต.บ้านด่าน อ.เมืองอุต', '', '03', '11', '01', '53', '', '000626400', '0', '10-1 ปฐมภูมิ', '0');
INSERT INTO `chospital2` VALUES ('06265', 'รพ.สต.บ้านพระฝาง ตำบลผาจุก', '03', '2', 'ม. 3 บ้านพระฝาง ต. ผาจุก อ.เมืองอุตรดิตถ์', '', '03', '12', '01', '53', '', '000626500', '0', '10-1 ปฐมภูมิ', '0');
INSERT INTO `chospital2` VALUES ('06266', 'รพ.สต.ผาจุก', '03', '2', 'ม. 5 บ้านผาจุก ต. ผาจุก อ.เมืองอุตรดิตถ์', '', '05', '12', '01', '53', '', '000626600', '0', '10-1 ปฐมภูมิ', '0');
INSERT INTO `chospital2` VALUES ('06267', 'รพ.สต.วังดิน', '03', '2', 'ม. 3 บ้านยางจุ้ม ต.วังดิน อ. เมืองอุตรดิตถ์', '', '03', '13', '01', '53', '', '000626700', '0', '10-1 ปฐมภูมิ', '0');
INSERT INTO `chospital2` VALUES ('06268', 'รพ.สต.แสนตอ', '03', '2', 'ม. 1 บ้านแสนตอ ต. แสนตอ อ. เมืองอุตรดิตถ์', '', '01', '14', '01', '53', '', '000626800', '0', '10-1 ปฐมภูมิ', '0');
INSERT INTO `chospital2` VALUES ('06269', 'รพ.สต.หาดงิ้ว', '03', '2', 'ม. 3 บ้านหาดงิ้ว ต.หาดงิ้ว อ. เมืองอุตรดิตถ์', '', '03', '15', '01', '53', '', '000626900', '0', '10-1 ปฐมภูมิ', '0');
INSERT INTO `chospital2` VALUES ('06270', 'รพ.สต.ขุนฝาง', '03', '2', 'ม. 7 บ้านปางวัว ต.ขุนฝาง อ. เมืองอุตรดิตถ์', '', '07', '16', '01', '53', '', '000627000', '0', '10-1 ปฐมภูมิ', '0');
INSERT INTO `chospital2` VALUES ('06271', 'รพ.สต.ถ้ำฉลอง', '03', '2', 'ม. 4 บ้านวังถ้ำ ต.ถ้ำฉลอง อ.เมืองอุตรดิตถ์', '', '04', '17', '01', '53', '', '000627100', '0', '10-1 ปฐมภูมิ', '0');
INSERT INTO `chospital2` VALUES ('06272', 'รพ.สต.บ้านวังแดง ตำบลวังแดง', '03', '2', 'ม. 2 บ้านใหม่พัฒนา ต.วังแดง อ. ตรอน', '', '02', '01', '02', '53', '', '000627200', '0', '10-1 ปฐมภูมิ', '0');
INSERT INTO `chospital2` VALUES ('06273', 'รพ.สต.วังแดง', '03', '2', 'ม.10 บ้านใหม่พัฒนา ต.วังแดง อ.ตรอน', '', '10', '01', '02', '53', '', '000627300', '0', '10-1 ปฐมภูมิ', '0');
INSERT INTO `chospital2` VALUES ('06274', 'รพ.สต.หาดสองแคว', '03', '2', 'ม.2 บ้านหาดสองแคว ต.หาดสองแคว อ.ตรอน', '', '02', '03', '02', '53', '', '000627400', '0', '10-1 ปฐมภูมิ', '0');
INSERT INTO `chospital2` VALUES ('06275', 'รพ.สต.น้ำอ่าง', '03', '2', 'ม.4 บ้านค้อกลาง ต.น้ำอ่าง อ.ตรอน', '', '04', '04', '02', '53', '', '000627500', '0', '10-1 ปฐมภูมิ', '0');
INSERT INTO `chospital2` VALUES ('06276', 'รพ.สต.ข่อยสูง', '03', '2', 'ม. 3 บ้านไผ่ลูกช้าง ต.ข่อยสูง อ.ตรอน', '', '03', '05', '02', '53', '', '000627600', '0', '10-1 ปฐมภูมิ', '0');
INSERT INTO `chospital2` VALUES ('06277', 'รพ.สต.หาดล้า', '03', '2', 'ม. 5 บ้านประชาสาร ต.หาดล้า อ. ท่าปลา', '', '05', '02', '03', '53', '', '000627700', '0', '10-1 ปฐมภูมิ', '0');
INSERT INTO `chospital2` VALUES ('06278', 'รพ.สต.บ้านคีรีทอง', '03', '2', 'ม.8 บ้านคีรีทอง ต.หาดล้า อ.ท่าปลา', '', '08', '02', '03', '53', '', '000627800', '0', '10-1 ปฐมภูมิ', '0');
INSERT INTO `chospital2` VALUES ('06279', 'รพ.สต.ผาเลือด', '03', '2', 'ม.1 บ้านผาเลือด ต.ผาเลือด อ.ท่าปลา', '', '01', '03', '03', '53', '', '000627900', '0', '10-1 ปฐมภูมิ', '0');
INSERT INTO `chospital2` VALUES ('06280', 'รพ.สต.บ้านย่านดู่', '03', '2', 'ม.10 บ้านด่าน ต. ผาเลือด อ.ท่าปลา', '', '10', '03', '03', '53', '', '000628000', '0', '10-1 ปฐมภูมิ', '0');
INSERT INTO `chospital2` VALUES ('06281', 'รพ.สต.จริม', '03', '2', 'ม. 4 บ้านเลิศชัย ต.จริม อ.ท่าปลา', '', '04', '04', '03', '53', '', '000628100', '0', '10-1 ปฐมภูมิ', '0');
INSERT INTO `chospital2` VALUES ('06282', 'รพ.สต.บ้านท่าช้าง', '03', '2', 'ม. 13 บ้านท่าช้าง ต. จริม อ.ท่าปลา', '', '13', '04', '03', '53', '', '000628200', '0', '10-1 ปฐมภูมิ', '0');
INSERT INTO `chospital2` VALUES ('06283', 'รพ.สต.บ้านปางหมิ่น', '03', '2', 'ม. 1 บ้านปางหมิ่น ต.น้ำหมัน อ.ท่าปลา', '', '01', '05', '03', '53', '', '000628300', '0', '10-1 ปฐมภูมิ', '0');
INSERT INTO `chospital2` VALUES ('06284', 'รพ.สต.บ้านน้ำรี ตำบลน้ำหมัน', '03', '2', 'ม. 6 บ้านน้ำรี ต.น้ำหมัน อ.ท่าปลา', '', '06', '05', '03', '53', '', '000628400', '0', '10-1 ปฐมภูมิ', '0');
INSERT INTO `chospital2` VALUES ('06285', 'รพ.สต.น้ำหมัน', '03', '2', 'ม.9 บ้านน้ำหมัน ต.น้ำหมัน อ.ท่าปลา', '', '09', '05', '03', '53', '', '000628500', '0', '10-1 ปฐมภูมิ', '0');
INSERT INTO `chospital2` VALUES ('06286', 'รพ.สต.ท่าแฝก', '03', '2', 'ม.3 บ้านงอมสัก ต.ท่าแฝก อ.ท่าปลา', '', '03', '06', '03', '53', '', '000628600', '0', '10-1 ปฐมภูมิ', '0');
INSERT INTO `chospital2` VALUES ('06287', 'รพ.สต.บ้านห้วยผึ้ง ตำบลท่าแฝก', '03', '2', 'ม.4 บ้านห้วยผึ้ง ต. ท่าแฝก อ.ท่าปลา', '', '04', '06', '03', '53', '', '000628700', '0', '10-1 ปฐมภูมิ', '0');
INSERT INTO `chospital2` VALUES ('06288', 'รพ.สต.นางพญา', '03', '2', 'ม.1 บ้านน้ำพร้า ต.นางพญา อ. ท่าปลา', '', '01', '07', '03', '53', '', '000628800', '0', '10-1 ปฐมภูมิ', '0');
INSERT INTO `chospital2` VALUES ('06289', 'รพ.สต.ร่วมจิต', '03', '2', 'ม.1 บ้านร่วมจิต ต.ร่วมจิต อ.ท่าปลา', '', '01', '08', '03', '53', '', '000628900', '0', '10-1 ปฐมภูมิ', '0');
INSERT INTO `chospital2` VALUES ('06290', 'รพ.สต.บ้านห้วยไคร้', '03', '2', 'ม.2 บ้านห้วยไคร้ ต.แสนตอ อ. น้ำปาด', '', '02', '01', '04', '53', '', '000629000', '0', '10-1 ปฐมภูมิ', '0');
INSERT INTO `chospital2` VALUES ('06291', 'รพ.สต.บ้านฝาย', '03', '2', 'ม.4 บ้านม่วง ต. บ้านฝาย อ. น้ำปาด', '', '04', '02', '04', '53', '', '000629100', '0', '10-1 ปฐมภูมิ', '0');
INSERT INTO `chospital2` VALUES ('06292', 'รพ.สต.บ้านท่าโพธิ์', '03', '2', 'ม.1 บ้านท่าโพธิ์ ต.เด่นเหล็ก อ.น้ำปาด', '', '01', '03', '04', '53', '', '000629200', '0', '10-1 ปฐมภูมิ', '0');
INSERT INTO `chospital2` VALUES ('06293', 'รพ.สต.เด่นเหล็ก', '03', '2', 'ม. 3 บ้านเด่นเหล็ก ต.เด่นเหล็ก อ.น้ำปาด', '', '03', '03', '04', '53', '', '000629300', '0', '10-1 ปฐมภูมิ', '0');
INSERT INTO `chospital2` VALUES ('06294', 'รพ.สต.น้ำไคร้', '03', '2', 'ม. 2 บ้านนากล่ำ ต.น้ำไคร้ อ.น้ำปาด', '', '02', '04', '04', '53', '', '000629400', '0', '10-1 ปฐมภูมิ', '0');
INSERT INTO `chospital2` VALUES ('06295', 'รพ.สต.บ้านห้วยแมง', '03', '2', 'ม. 3 บ้านห้วยแมง ต.น้ำไคร้ อ.น้ำปาด', '', '03', '04', '04', '53', '', '000629500', '0', '10-1 ปฐมภูมิ', '0');
INSERT INTO `chospital2` VALUES ('06296', 'รพ.สต.น้ำไผ่', '03', '2', '', '', '04', '05', '04', '53', '', '000629600', '0', '10-1 ปฐมภูมิ', '0');
INSERT INTO `chospital2` VALUES ('06297', 'รพ.สต.บ้านห้วยมุ่น', '03', '2', 'ม.2 บ้านห้วยมุ่น ต.ห้วยมุ่น อ.น้ำปาด', '', '02', '06', '04', '53', '', '000629700', '0', '10-1 ปฐมภูมิ', '0');
INSERT INTO `chospital2` VALUES ('06298', 'รพ.สต.บ้านโป่งพาน  ตำบลห้วยมุ่น', '03', '2', 'ม.5 บ้านโป่งพาน ต.ห้วยมุ่น อ.น้ำปาด', '', '05', '06', '04', '53', '', '000629800', '0', '10-1 ปฐมภูมิ', '0');
INSERT INTO `chospital2` VALUES ('06299', 'รพ.สต.สองคอน', '03', '2', 'ม.2 บ้านโพนคู่ ต.สองคอน อ.ฟากท่า', '', '02', '02', '05', '53', '', '000629900', '0', '10-1 ปฐมภูมิ', '0');
INSERT INTO `chospital2` VALUES ('06300', 'รพ.สต.บ้านห้วยใส', '03', '2', 'ม.5 บ้านห้วยใส ต.สองคอน อ.ฟากท่า', '', '05', '02', '05', '53', '', '000630000', '0', '10-1 ปฐมภูมิ', '0');
INSERT INTO `chospital2` VALUES ('06301', 'รพ.สต.บ้านเสี้ยว', '03', '2', 'ม.1 บ้านเสี้ยว ต. บ้านเสี้ยว อ.ฟากท่า', '', '01', '03', '05', '53', '', '000630100', '0', '10-1 ปฐมภูมิ', '0');
INSERT INTO `chospital2` VALUES ('06302', 'รพ.สต.สองห้อง ', '03', '2', 'ม. 1 บ้านสองห้อง ต.สองห้อง อ.ฟากท่า', '', '01', '04', '05', '53', '', '000630200', '0', '10-1 ปฐมภูมิ', '0');
INSERT INTO `chospital2` VALUES ('06303', 'รพ.สต.ห้วยน้อยกา ตำบลม่วงเจ็ดต้น', '03', '2', 'ม.1 บ้านห้วยน้อยกา ต.ม่วงเจ็ดต้น อ.บ้านโคก', '', '01', '01', '06', '53', '', '000630300', '0', '10-1 ปฐมภูมิ', '0');
INSERT INTO `chospital2` VALUES ('06304', 'รพ.สต.ม่วงเจ็ดต้น', '03', '2', 'ม.2 บ้านม่วงเจ็ดต้น ต.ม่วงเจ็ดต้น อ.บ้านโคก', '', '02', '01', '06', '53', '', '000630400', '0', '10-1 ปฐมภูมิ', '0');
INSERT INTO `chospital2` VALUES ('06305', 'รพ.สต.นาขุม  ', '03', '2', 'ม.6 บ้านห้วยไคร้ ต.นาขุม อ.บ้านโคก', '', '06', '03', '06', '53', '', '000630500', '0', '10-1 ปฐมภูมิ', '0');
INSERT INTO `chospital2` VALUES ('06306', 'รพ.สต.ห้วยไผ่  ต.บ่อเบี้ย  ', '03', '2', 'ม.2 บ้านห้วยไผ่ ต.บ่อเบี้ย อ.บ้านโคก', '', '02', '04', '06', '53', '', '000630600', '0', '10-1 ปฐมภูมิ', '0');
INSERT INTO `chospital2` VALUES ('06307', 'รพ.สต.บ้านเกาะ  ตำบลบ้านดารา', '03', '2', 'ม.03 บ้านเกาะ ต.บ้านดารา อ.พิชัย จ.อุตรดิตถ์', '', '03', '02', '07', '53', '', '000630700', '0', '10-1 ปฐมภูมิ', '0');
INSERT INTO `chospital2` VALUES ('06308', 'รพ.สต.บ้านดารา', '03', '2', 'ม.5 บ้านดารา ต.บ้านดารา อ.พิชัย', '', '05', '02', '07', '53', '', '000630800', '0', '10-1 ปฐมภูมิ', '0');
INSERT INTO `chospital2` VALUES ('06309', 'รพ.สต.บ้านคลองละมุง', '03', '2', 'ม.4 บ้านคลองละมุง ต.ไร่อ้อย อ.พิชัย', '', '04', '03', '07', '53', '', '000630900', '0', '10-1 ปฐมภูมิ', '0');
INSERT INTO `chospital2` VALUES ('06310', 'รพ.สต.ไร่อ้อย', '03', '2', 'ม.2 บ้านไร่อ้อย ต.ไร่อ้อย อ. พิชัย', '', '02', '03', '07', '53', '', '000631000', '0', '10-1 ปฐมภูมิ', '0');
INSERT INTO `chospital2` VALUES ('06311', 'รพ.สต.ท่าสัก', '03', '2', 'ม.1 บ้านท่าสัก ต.ท่าสัก อ.พิชัย', '', '01', '04', '07', '53', '', '000631100', '0', '10-1 ปฐมภูมิ', '0');
INSERT INTO `chospital2` VALUES ('06312', 'รพ.สต.คอรุม', '03', '2', 'ม.2 บ้านม่วงตาล ต.คอรุม อ.พิชัย', '', '02', '05', '07', '53', '', '000631200', '0', '10-1 ปฐมภูมิ', '0');
INSERT INTO `chospital2` VALUES ('06314', 'รพ.สต.บ้านหม้อ', '03', '2', 'ม. 4 บ้านโรงหม้อ ต.บ้านหม้อ อ.พิชัย', '', '04', '06', '07', '53', '', '000631400', '0', '10-1 ปฐมภูมิ', '0');
INSERT INTO `chospital2` VALUES ('06315', 'รพ.สต.ท่ามะเฟือง', '03', '2', 'ม.2 บ้านห้วยบึง ต.ท่ามะเฟือง อ.พิชัย', '', '02', '07', '07', '53', '', '000631500', '0', '10-1 ปฐมภูมิ', '0');
INSERT INTO `chospital2` VALUES ('06316', 'รพ.สต.บ้านโคน', '03', '2', 'ม.1 บ้านโคน ต. บ้านโคน อ.พิชัย', '', '01', '08', '07', '53', '', '000631600', '0', '10-1 ปฐมภูมิ', '0');
INSERT INTO `chospital2` VALUES ('06317', 'รพ.สต.พญาแมน', '03', '2', 'ม.2 บ้านดง ต.พญาแมน อ.พิชัย', '', '02', '09', '07', '53', '', '000631700', '0', '10-1 ปฐมภูมิ', '0');
INSERT INTO `chospital2` VALUES ('06318', 'รพ.สต.นาอิน', '03', '2', 'ม. 3 บ้านเนินควง ต.นาอิน อ.พิชัย', '', '03', '10', '07', '53', '', '000631800', '0', '10-1 ปฐมภูมิ', '0');
INSERT INTO `chospital2` VALUES ('06319', 'รพ.สต.นายาง', '03', '2', 'ม. 4 บ้านป่าแดด ต.นายาง อ.พิชัย', '', '04', '11', '07', '53', '', '000631900', '0', '10-1 ปฐมภูมิ', '0');
INSERT INTO `chospital2` VALUES ('06320', 'รพ.สต.แม่พูล', '03', '2', 'ม.2 บ้านหัวดง ต.แม่พูล อ.ลับแล', '', '02', '02', '08', '53', '', '000632000', '0', '10-1 ปฐมภูมิ', '0');
INSERT INTO `chospital2` VALUES ('06321', 'รพ.สต.บ้านผามูบ ตำบลแม่พูล', '03', '2', 'ม.7 บ้านผามูบ ต.แม่พูล อ.ลับแล', '', '07', '02', '08', '53', '', '000632100', '0', '10-1 ปฐมภูมิ', '0');
INSERT INTO `chospital2` VALUES ('06322', 'รพ.สต.นานกกก', '03', '2', 'ม. 3 บ้านนานกกก ต.นานกกก อ.ลับแล', '', '03', '03', '08', '53', '', '000632200', '0', '10-1 ปฐมภูมิ', '0');
INSERT INTO `chospital2` VALUES ('06323', 'รพ.สต.ฝายหลวง', '03', '2', 'ม.6 บ้านนารี ต.ฝายหลวง อ. ลับแล', '', '06', '04', '08', '53', '', '000632300', '0', '10-1 ปฐมภูมิ', '0');
INSERT INTO `chospital2` VALUES ('06324', 'รพ.สต.บ้านท้องลับแล', '03', '2', 'ม.7 บ้านท้องลับแล ต.ฝายหลวง อ.ลับแล', '', '07', '04', '08', '53', '', '000632400', '0', '10-1 ปฐมภูมิ', '0');
INSERT INTO `chospital2` VALUES ('06325', 'รพ.สต.ชัยจุมพล', '03', '2', 'ม.6 บ้านชำป่าหวาย ต.ชัยจุมพล อ.ลับแล', '', '06', '05', '08', '53', '', '000632500', '0', '10-1 ปฐมภูมิ', '0');
INSERT INTO `chospital2` VALUES ('06326', 'รพ.สต.ไผ่ล้อม', '03', '2', 'ม.1 บ้านไผ่ล้อม ต.ไผ่ล้อม อ.ลับแล', '', '01', '06', '08', '53', '', '000632600', '0', '10-1 ปฐมภูมิ', '0');
INSERT INTO `chospital2` VALUES ('06327', 'รพ.สต.บ้านดงสระแก้ว  ตำบลไผ่ล้อม', '03', '2', 'ม.5 บ้านดงสระแก้ว ต.ไผ่ล้อม อ. ลับแล', '', '05', '06', '08', '53', '', '000632700', '0', '10-1 ปฐมภูมิ', '0');
INSERT INTO `chospital2` VALUES ('06328', 'รพ.สต.ทุ่งยั้ง', '03', '2', 'ม.3 บ้านทุ่งยั้ง ต.ทุ่งยั้ง อ.ลับแล', '', '03', '07', '08', '53', '', '000632800', '0', '10-1 ปฐมภูมิ', '0');
INSERT INTO `chospital2` VALUES ('06329', 'รพ.สต.ด่านแม่คำมัน', '03', '2', 'ม.4 บ้านด่านแม่คำมัน ต.ด่านแม่คำมัน อ.ลับแล', '', '04', '08', '08', '53', '', '000632900', '0', '10-1 ปฐมภูมิ', '0');
INSERT INTO `chospital2` VALUES ('06330', 'รพ.สต.บ้านน้ำหมีใหญ่', '03', '2', 'ม.01 บ้านน้ำหมีใหญ่ ต.ผักขวง อ.ทองแสนขัน', '', '01', '01', '09', '53', '', '000633000', '0', '10-1 ปฐมภูมิ', '0');
INSERT INTO `chospital2` VALUES ('06331', 'รพ.สต.ผักขวง', '03', '2', 'ม.3 บ้านวังโป่ง ต.ผักขวง อ.ทองแสนขัน', '', '03', '01', '09', '53', '', '000633100', '0', '10-1 ปฐมภูมิ', '0');
INSERT INTO `chospital2` VALUES ('06332', 'รพ.สต.บ้านแพะ', '03', '2', 'ม. 14 บ้านแพะ ต.บ่อทอง อ.ทองแสนขัน', '', '14', '02', '09', '53', '', '000633200', '0', '10-1 ปฐมภูมิ', '0');
INSERT INTO `chospital2` VALUES ('06333', 'รพ.สต.ป่าคาย', '03', '2', 'ม.4 บ้านนาป่าคาย ต.ป่าคาย อ.ทองแสนขัน', '', '04', '03', '09', '53', '', '000633300', '0', '10-1 ปฐมภูมิ', '0');
INSERT INTO `chospital2` VALUES ('06334', 'รพ.สต.น้ำพี้', '03', '2', 'ม.1 บ้านน้ำพี้ ต.น้ำพี้ อ.ทองแสนขัน', '', '01', '04', '09', '53', '', '000633400', '0', '10-1 ปฐมภูมิ', '0');
INSERT INTO `chospital2` VALUES ('07266', 'รพ.สต.บ้านปากห้วยไม้งาม ตำบลหนองบัวเหนือ', '03', '2', 'บ้านปากห้วยไม้งาม หมู่ที่ 03 ต.หนองบัวเหนือ ', '', '03', '05', '01', '63', '', '000726600', '0', '10-1 ปฐมภูมิ', '0');
INSERT INTO `chospital2` VALUES ('07267', 'รพ.สต.ไม้งาม', '03', '2', 'บ้านไม้งาม หมู่ที่ 04 ต.ไม้งาม ', '', '04', '06', '01', '63', '', '000726700', '0', '10-1 ปฐมภูมิ', '0');
INSERT INTO `chospital2` VALUES ('07268', 'รพ.สต.บ้านลานห้วยเดื่อ ตำบลโป่งแดง', '03', '2', 'บ้านลานห้วยเดื่อ หมู่ที่ 13 ต.โป่งแดง', '', '13', '07', '01', '63', '', '000726800', '-', '10-1 ปฐมภูมิ', '-');
INSERT INTO `chospital2` VALUES ('07269', 'รพ.สต.บ้านโป่งแดง ตำบลโป่งแดง', '03', '2', 'บ้านโป่งแดง หมู่ที่ 02 ต.โป่งแดง ', '', '02', '07', '01', '63', '', '000726900', '0', '10-1 ปฐมภูมิ', '0');
INSERT INTO `chospital2` VALUES ('07270', 'รพ.สต.บ้านหนองนกปีกกา ตำบลโป่งแดง', '03', '2', 'บ้านหนองนกปีกกา หมู่ที่ 03 ต.โป่งแดง ', '', '03', '07', '01', '63', '', '000727000', '0', '10-1 ปฐมภูมิ', '0');
INSERT INTO `chospital2` VALUES ('07271', 'รพ.สต.บ้านชะลาดระฆัง ตำบลโป่งแดง', '03', '2', 'บ้านชะลาดระฆัง หมู่ที่ 04 ต.โป่งแดง ', '', '04', '07', '01', '63', '', '000727100', '0', '10-1 ปฐมภูมิ', '0');
INSERT INTO `chospital2` VALUES ('07272', 'รพ.สต.บ้านคลองขยางโพรง ตำบลน้ำรึม', '03', '2', 'บ้านคลองขยางโพรง หมู่ที่ 06 ต.น้ำรึม ', '', '06', '08', '01', '63', '', '000727200', '0', '10-1 ปฐมภูมิ', '0');
INSERT INTO `chospital2` VALUES ('07273', 'รพ.สต.บ้านเกาะอ้ายด้วน ตำบลวังหิน', '03', '2', 'บ้านเกาะอ้ายด้วน หมู่ที่ 01 ต.วังหิน ', '', '01', '09', '01', '63', '', '000727300', '0', '10-1 ปฐมภูมิ', '0');
INSERT INTO `chospital2` VALUES ('07274', 'รพ.สต.บ้านท่าไม้แดง ตำบลวังหิน', '03', '2', 'บ้านท่าไม้แดง หมู่ที่ 03 ต.วังหิน ', '', '03', '09', '01', '63', '', '000727400', '0', '10-1 ปฐมภูมิ', '0');
INSERT INTO `chospital2` VALUES ('07275', 'รพ.สต.บ้านน้ำโจน ตำบลวังหิน', '03', '2', 'บ้านน้ำโจน หมู่ที่ 06 ต.วังหิน ', '', '06', '09', '01', '63', '', '000727500', '0', '10-1 ปฐมภูมิ', '0');
INSERT INTO `chospital2` VALUES ('07276', 'รพ.สต.บ้านวังเจ้า ตำบลเชียงทอง', '03', '2', 'บ้านวังเจ้า หมู่ที่ 01 ต. เชียงทอง', '', '01', '01', '09', '63', '', '000727600', '0', '10-1 ปฐมภูมิ', '0');
INSERT INTO `chospital2` VALUES ('07277', 'รพ.สต.บ้านดงซ่อม ตำบลเชียงทอง', '03', '2', 'บ้านดงซ่อม หมู่ที่ 03 ต.เชียงทอง', '', '03', '01', '09', '63', '', '000727700', '0', '10-1 ปฐมภูมิ', '0');
INSERT INTO `chospital2` VALUES ('07278', 'รพ.สต.บ้านปากห้วยแม่ท้อ ตำบลแม่ท้อ', '03', '2', 'บ้านปากห้วยแม่ท้อ หมู่ที่ 01 ต. แม่ท้อ ', '', '01', '11', '01', '63', '', '000727800', '0', '10-1 ปฐมภูมิ', '0');
INSERT INTO `chospital2` VALUES ('07279', 'รพ.สต.บ้านลางสาง ตำบลแม่ท้อ', '03', '2', 'บ้านลานสาง หมู่ที่ 04 ต.แม่ท้อ ', '', '04', '11', '01', '63', '', '000727900', '0', '10-1 ปฐมภูมิ', '0');
INSERT INTO `chospital2` VALUES ('07280', 'รพ.สต.บ้านมูเซอ ตำบลแม่ท้อ', '03', '2', 'บ้านแม้วใหม่ หมู่ที่ 07 ต.แม่ท้อ', '', '07', '11', '01', '63', '', '000728000', '0', '10-1 ปฐมภูมิ', '0');
INSERT INTO `chospital2` VALUES ('07281', 'รพ.สต.บ้านหนองแขม ตำบลแม่ท้อ', '03', '2', 'บ้านหนองแขม หมู่ที่ 08 ต.แม่ท้อ ', '', '08', '11', '01', '63', '', '000728100', '0', '10-1 ปฐมภูมิ', '0');
INSERT INTO `chospital2` VALUES ('07283', 'รพ.สต.บ้านหนองปรือ ตำบลหนองบัวใต้', '03', '2', 'บ้านหนองปรือ หมู่ที่ 01 ต.หนองบัวใต้', '', '01', '13', '01', '63', '', '000728300', '0', '10-1 ปฐมภูมิ', '0');
INSERT INTO `chospital2` VALUES ('07284', 'รพ.สต.วังประจบ', '03', '2', 'บ้านวังประจบ หมู่ที่ 01 ต.วังประจบ ', '', '01', '14', '01', '63', '', '000728400', '0', '10-1 ปฐมภูมิ', '0');
INSERT INTO `chospital2` VALUES ('07285', 'รพ.สต.บ้านลานสอ ตำบลวังประจบ', '03', '2', 'บ้านลานสอ หมู่ที่ 04 ต.วังประจบ ', '', '04', '14', '01', '63', '', '000728500', '0', '10-1 ปฐมภูมิ', '0');
INSERT INTO `chospital2` VALUES ('07286', 'รพ.สต.บ้านสระตลุง  ', '03', '2', 'บ้านสระตลุง หมู่ที่ 01 ต.ตลุกกลางทุ่ง ', '', '01', '15', '01', '63', '', '000728600', '0', '10-1 ปฐมภูมิ', '0');
INSERT INTO `chospital2` VALUES ('07287', 'รพ.สต.บ้านนาโบสถ์ ตำบลนาโบสถ์', '03', '2', 'บ้านนาโบสถ์ หมู่ที่ 04 ต.นาโบสถ์', '', '04', '02', '09', '63', '', '000728700', '0', '10-1 ปฐมภูมิ', '0');
INSERT INTO `chospital2` VALUES ('07288', 'รพ.สต.บ้านประดาง ตำบลประดาง', '03', '2', 'บ้านประดาง หมู่ที่ 03 ต. ประดาง', '', '03', '03', '09', '63', '', '000728800', '0', '10-1 ปฐมภูมิ', '0');
INSERT INTO `chospital2` VALUES ('07289', 'รพ.สต.บ้านแม่บอน ตำบลตากออก', '03', '2', 'บ้านใหม่แม่บอน หมู่ที่ 12 ต.ตากออก', '', '12', '01', '02', '63', '', '000728900', '0', '10-1 ปฐมภูมิ', '0');
INSERT INTO `chospital2` VALUES ('07290', 'รพ.สต.สมอโคน', '03', '2', 'บ้านสมอโคน หมู่ที่ 05 ต. สมอโคน ', '', '05', '02', '02', '63', '', '000729000', '0', '10-1 ปฐมภูมิ', '0');
INSERT INTO `chospital2` VALUES ('07291', 'รพ.สต.บ้านน้ำดิบ ตำบลสมอโคน', '03', '2', 'บ้านน้ำดิบ หมู่ที่ 07 ต.สมอโคน ', '', '07', '02', '02', '63', '', '000729100', '0', '10-1 ปฐมภูมิ', '0');
INSERT INTO `chospital2` VALUES ('07292', 'รพ.สต.แม่สลิด', '03', '2', 'บ้านแม่สลิด หมู่ที่ 03 ต.แม่สลิด ', '', '03', '03', '02', '63', '', '000729200', '0', '10-1 ปฐมภูมิ', '0');
INSERT INTO `chospital2` VALUES ('07293', 'รพ.สต.บ้านยางโอง ตำบลแม่สลิด', '03', '2', 'บ้านยางโองน้ำ หมู่ที่ 05 ต. แม่สลิด ', '', '05', '03', '02', '63', '', '000729300', '0', '10-1 ปฐมภูมิ', '0');
INSERT INTO `chospital2` VALUES ('07294', 'รพ.สต.บ้านยางโองนอก ตำบลแม่สลิด', '03', '2', 'บ้านยางโองนอก หมู่ที่ 08 ต.แม่สลิด ', '', '08', '03', '02', '63', '', '000729400', '0', '10-1 ปฐมภูมิ', '0');
INSERT INTO `chospital2` VALUES ('07295', 'รพ.สต.บ้านเด่นไม้ซุง ตำบลแม่สลิด', '03', '2', 'บ้านเด่นไม้ซุง หมู่ที่ 09 ต.แม่สลิด ', '', '09', '03', '02', '63', '', '000729500', '0', '10-1 ปฐมภูมิ', '0');
INSERT INTO `chospital2` VALUES ('07296', 'รพ.สต.บ้านหนองงิ้ว ตำบลตากตก', '03', '2', 'บ้านหนองงิ้ว หมู่ที่ 03 ต.ตากตก ', '', '03', '04', '02', '63', '', '000729600', '0', '10-1 ปฐมภูมิ', '0');
INSERT INTO `chospital2` VALUES ('07297', 'รพ.สต.ตากตก', '03', '2', 'บ้านท่านา หมู่ที่ 09 ต.ตากตก ', '', '09', '04', '02', '63', '', '000729700', '0', '10-1 ปฐมภูมิ', '0');
INSERT INTO `chospital2` VALUES ('07298', 'รพ.สต.เกาะตะเภา', '03', '2', 'บ้านท่าพระธาตุ หมู่ที่ 03 ต. เกาะตะเภา ', '', '03', '05', '02', '63', '', '000729800', '0', '10-1 ปฐมภูมิ', '0');
INSERT INTO `chospital2` VALUES ('07299', 'รพ.สต.บ้านแม่ยะ ตำบลเกาะตะเภา', '03', '2', 'บ้านแม่ยะ หมู่ที่ 07 ต.เกาะตะเภา ', '', '07', '05', '02', '63', '', '000729900', '0', '10-1 ปฐมภูมิ', '0');
INSERT INTO `chospital2` VALUES ('07300', 'รพ.สต.ทุ่งกระเชาะ', '03', '2', 'บ้านล้อง หมู่ที่ 03 ต.ทุ่งกระเชาะ ', '', '03', '06', '02', '63', '', '000730000', '0', '10-1 ปฐมภูมิ', '0');
INSERT INTO `chospital2` VALUES ('07301', 'รพ.สต.บ้านใหม่ ตำบลท้องฟ้า', '03', '2', 'บ้านใหม่ หมู่ที่ 01 ต.ท้องฟ้า ', '', '01', '07', '02', '63', '', '000730100', '0', '10-1 ปฐมภูมิ', '0');
INSERT INTO `chospital2` VALUES ('07302', 'รพ.สต.ท้องฟ้า', '03', '2', 'บ้านดอนใหญ่ หมู่ที่ 03 ต.ท้องฟ้า ', '', '03', '07', '02', '63', '', '000730200', '0', '10-1 ปฐมภูมิ', '0');
INSERT INTO `chospital2` VALUES ('07304', 'รพ.สต.บ้านห้วยพลู ตำบลท้องฟ้า', '03', '2', 'บ้านห้วยพลู หมู่ที่ 06 ต.ท้องฟ้า ', '', '06', '07', '02', '63', '', '000730400', '0', '10-1 ปฐมภูมิ', '0');
INSERT INTO `chospital2` VALUES ('07305', 'รพ.สต.บ้านป่ายางใต้ ตำบลสามเงา', '03', '2', 'บ้านป่ายางใต้ หมู่ที่ 01 ต.สามเงา', '', '01', '01', '03', '63', '', '000730500', '0', '10-1 ปฐมภูมิ', '0');
INSERT INTO `chospital2` VALUES ('07306', 'รพ.สต.บ้านปากทางเขื่อน ตำบลวังหมัน', '03', '2', 'บ้านปากทางเขื่อน หมู่ที่ 01 ต.วังหมัน ', '', '01', '02', '03', '63', '', '000730600', '0', '10-1 ปฐมภูมิ', '0');
INSERT INTO `chospital2` VALUES ('07307', 'สอ.วังหวาย ตำบลวังหมัน', '03', '2', 'บ้านวังหวาย หมู่ที่ 06 ต.วังหมัน ', '', '06', '02', '03', '63', '', '000730700', '0', '10-1 ปฐมภูมิ', '0');
INSERT INTO `chospital2` VALUES ('07308', 'รพ.สต.บ้านท่าไผ่ ตำบลยกกระบัตร', '03', '2', 'บ้านท่าไผ่ หมู่ที่ 02 ต.ยกกระบัตร', '', '02', '03', '03', '63', '', '000730800', '0', '10-1 ปฐมภูมิ', '0');
INSERT INTO `chospital2` VALUES ('07309', 'รพ.สต.บ้านแม่ระวาน ตำบลยกกระบัตร', '03', '2', 'บ้านแม่ระวาน หมู่ที่ 05 ต.ยกกระบัตร ', '', '05', '03', '03', '63', '', '000730900', '0', '10-1 ปฐมภูมิ', '0');
INSERT INTO `chospital2` VALUES ('07310', 'รพ.สต.บ้านหนองเชียงคา ตำบลยกกระบัตร', '03', '2', 'บ้านหนองเชียงคา หมู่ที่ 06 ต.ยกกระบัตร ', '', '06', '03', '03', '63', '', '000731000', '0', '10-1 ปฐมภูมิ', '0');
INSERT INTO `chospital2` VALUES ('07311', 'รพ.สต.บ้านแม่เชียงราย ตำบลยกกระบัตร', '03', '2', 'บ้านแม่เชียงราย หมู่ที่ 07 ยกกระบัตร', '', '07', '03', '03', '63', '', '000731100', '0', '10-1 ปฐมภูมิ', '0');
INSERT INTO `chospital2` VALUES ('07312', 'รพ.สต.บ้านใหม่สามัคคี ตำบลยกกระบัตร', '03', '2', 'บ้านใหม่สามัคคีเหนือ หมู่ที่ 10 ต.ยกกระบัตร', '', '10', '03', '03', '63', '', '000731200', '0', '10-1 ปฐมภูมิ', '0');
INSERT INTO `chospital2` VALUES ('07313', 'รพ.สต.ย่านรี', '03', '2', 'บ้านสามเงาตก หมู่ที่ 03 ต.ย่านรี', '', '03', '04', '03', '63', '', '000731300', '0', '10-1 ปฐมภูมิ', '0');
INSERT INTO `chospital2` VALUES ('07314', 'รพ.สต.บ้านหนองโสน ตำบลย่านรี', '03', '2', 'บ้านหนองโสน หมู่ที่ 04 ต.ย่านรี ', '', '04', '04', '03', '63', '', '000731400', '0', '10-1 ปฐมภูมิ', '0');
INSERT INTO `chospital2` VALUES ('07315', 'รพ.สต.บ้านอูมวาบ ตำบลบ้านนา', '03', '2', 'บ้านอูบวาบ หมู่ที่ 01 ต. บ้านนา ', '', '01', '05', '03', '63', '', '000731500', '0', '10-1 ปฐมภูมิ', '0');
INSERT INTO `chospital2` VALUES ('07316', 'รพ.สต.บ้านโสมง ตำบลบ้านนา', '03', '2', 'บ้านโสมง หมู่ที่ 04 ต.บ้านนา ', '', '04', '05', '03', '63', '', '000731600', '0', '10-1 ปฐมภูมิ', '0');
INSERT INTO `chospital2` VALUES ('07317', 'รพ.สต.บ้านสันป่าป๋วย ตำบลบ้านนา', '03', '2', 'บ้านสันป่าป๋วย หมู่ที่ 05 ต.บ้านนา ', '', '05', '05', '03', '63', '', '000731700', '0', '10-1 ปฐมภูมิ', '0');
INSERT INTO `chospital2` VALUES ('07318', 'รพ.สต.บ้านวังจันทร์ ตำบลวังจันทร์', '03', '2', 'บ้านวังโพ หมู่ที่ 01 ต.วังจันทร์', '', '01', '06', '03', '63', '', '000731800', '0', '10-1 ปฐมภูมิ', '0');
INSERT INTO `chospital2` VALUES ('07319', 'รพ.สต.บ้านดงลาน ตำบลวังจันทร์', '03', '2', 'บ้านดงลาน หมู่ที่ 05 ต.วังจันทร์ ', '', '05', '06', '03', '63', '', '000731900', '0', '10-1 ปฐมภูมิ', '0');
INSERT INTO `chospital2` VALUES ('07320', 'รพ.สต.บ้านสันป่าไร่ ', '03', '2', 'บ้านสันป่าไร่ หมู่ที่ 05 ต.พระธาตุ ', '', '05', '06', '04', '63', '', '000732000', '0', '10-1 ปฐมภูมิ', '0');
INSERT INTO `chospital2` VALUES ('07321', 'รพ.สต.บ้านวังผา ตำบลแม่จะเรา', '03', '2', 'บ้านวังผา หมู่ที่ 04 ต.แม่จะเรา ', '', '04', '02', '04', '63', '', '000732100', '0', '10-1 ปฐมภูมิ', '0');
INSERT INTO `chospital2` VALUES ('07322', 'สอ.เฉลิมพระเกียรติ 60 พรรษา นวมินทราชินี จ.ตาก (รพ.สต.)', '03', '2', 'บ้านแม่จะเราบ้านทุ่ง หมู่ที่ 06 ต.แม่จะเรา', '', '06', '02', '04', '63', '', '000732200', '0', '10-1 ปฐมภูมิ', '0');
INSERT INTO `chospital2` VALUES ('07323', 'รพ.สต.บ้านห้วยบง ตำบลแม่จะเรา', '03', '2', 'บ้านห้วยบงใหม่ หมู่ที่ 07 ต.แม่จะเรา ', '', '07', '02', '04', '63', '', '000732300', '0', '10-1 ปฐมภูมิ', '0');
INSERT INTO `chospital2` VALUES ('07324', 'รพ.สต.บ้านขะเนจื้อ ตำบลขะเนจื้อ', '03', '2', 'บ้านขะเนจื้อ หมู่ที่ 07 ต.ขะเนจื้อ ', '', '07', '03', '04', '63', '', '000732400', '0', '10-1 ปฐมภูมิ', '0');
INSERT INTO `chospital2` VALUES ('07325', 'รพ.สต.บ้านแม่ระมาดน้อย ตำบลขะเนจื้อ', '03', '2', 'บ้านแม่ระมาดน้อย หมู่ที่ 08 ขะเนจื้อ ', '', '08', '03', '04', '63', '', '000732500', '0', '10-1 ปฐมภูมิ', '0');
INSERT INTO `chospital2` VALUES ('07326', 'รพ.สต.บ้านคำหวัน ตำบลแม่ตื่น', '03', '2', 'บ้านคำหวัน หมู่ที่ 05 ต.แม่ตื่น ', '', '05', '04', '04', '63', '', '000732600', '0', '10-1 ปฐมภูมิ', '0');
INSERT INTO `chospital2` VALUES ('07327', 'รพ.สต.บ้านแสม ตำบลสามหมื่น', '03', '2', 'บ้านแสม หมู่ที่ 04 ต.สามหมื่น ', '', '04', '05', '04', '63', '', '000732700', '0', '10-1 ปฐมภูมิ', '0');
INSERT INTO `chospital2` VALUES ('07328', 'รพ.สต.ท่าสองยาง', '03', '2', 'บ้านท่าสองยาง หมู่ที่ 01 ต.ท่าสองยาง', '', '01', '01', '05', '63', '', '000732800', '0', '10-1 ปฐมภูมิ', '0');
INSERT INTO `chospital2` VALUES ('07329', 'รพ.สต.แม่สอง', '03', '2', 'บ้านแม่สลิดหลวง หมู่ที่ 02 ต.แม่สอง ', '', '02', '03', '05', '63', '', '000732900', '0', '10-1 ปฐมภูมิ', '0');
INSERT INTO `chospital2` VALUES ('07330', 'รพ.สต.บ้านแม่ระเมิง ตำบลแม่สอง', '03', '2', 'บ้านแม่ระเมิง หมู่ที่ 08 ต.แม่สอง ', '', '08', '03', '05', '63', '', '000733000', '0', '10-1 ปฐมภูมิ', '0');
INSERT INTO `chospital2` VALUES ('07331', 'รพ.สต.แม่หละ', '03', '2', 'บ้านแม่หละไทย หมู่ที่ 01 ต.แม่หละ ', '', '01', '04', '05', '63', '', '000733100', '0', '10-1 ปฐมภูมิ', '0');
INSERT INTO `chospital2` VALUES ('07332', 'รพ.สต.แม่วะหลวง', '03', '2', 'บ้านแม่วะหลวง หมู่ที่ 03 ต.แม่วะหลวง ', '', '03', '05', '05', '63', '', '000733200', '0', '10-1 ปฐมภูมิ', '0');
INSERT INTO `chospital2` VALUES ('07333', 'รพ.สต.บ้านปูเตอร์ ตำบลแม่กุ', '03', '2', 'บ้านปูเตอร์ หมู่ที่ 04 ต.แม่กุ ', '', '04', '02', '06', '63', '', '000733300', '0', '10-1 ปฐมภูมิ', '0');
INSERT INTO `chospital2` VALUES ('07334', 'รพ.สต.แม่กุ', '03', '2', 'บ้านแม่กุน้อย หมู่ที่ 07 ต.แม่กุ ', '', '07', '02', '06', '63', '', '000733400', '0', '10-1 ปฐมภูมิ', '0');
INSERT INTO `chospital2` VALUES ('07335', 'รพ.สต.บ้านแม่กุเหนือ ตำบลแม่กุ', '03', '2', 'บ้านแม่กุเหนือ หมู่ที่ 08 ต.แม่กุ ', '', '08', '02', '06', '63', '', '000733500', '0', '10-1 ปฐมภูมิ', '0');
INSERT INTO `chospital2` VALUES ('07336', 'รพ.สต.บ้านแม่กุใหม่ ตำบลแม่กุ', '03', '2', 'บ้านแม่กุใหม่ท่าซุง หมู่ที่ 09 ต.แม่กุ', '', '09', '02', '06', '63', '', '000733600', '0', '10-1 ปฐมภูมิ', '0');
INSERT INTO `chospital2` VALUES ('07337', 'รพ.สต.พะวอ', '03', '2', 'บ้านแม่ละเมาไหล่ท่า หมู่ที่ 09 ต.พะวอ', '', '09', '03', '06', '63', '', '000733700', '0', '10-1 ปฐมภูมิ', '0');
INSERT INTO `chospital2` VALUES ('07338', 'รพ.สต.บ้านปางส่างคำ ตำบลพะวอ', '03', '2', 'บ้านปางส่างคำ หมู่ที่ 05 ต.พะวอ ', '', '05', '03', '06', '63', '', '000733800', '0', '10-1 ปฐมภูมิ', '0');
INSERT INTO `chospital2` VALUES ('07339', 'รพ.สต.แม่ตาว', '03', '2', 'บ้านแม่ตาวสันโรงเรียน หมู่ที่ 05 ต.แม่ตาว', '', '02', '04', '06', '63', '', '000733900', '0', '10-1 ปฐมภูมิ', '0');
INSERT INTO `chospital2` VALUES ('07340', 'รพ.สต.บ้านแม่กื๊ดหลวงศิริกัญไชย', '03', '2', 'บ้านแม่กื๊ดหลวง หมู่ที่ 01 ต.แม่กาษา ', '', '01', '05', '06', '63', '', '000734000', '0', '10-1 ปฐมภูมิ', '0');
INSERT INTO `chospital2` VALUES ('07341', 'รพ.สต.บ้านแม่กาษา ตำบลแม่กาษา', '03', '2', 'บ้านแม่กาษา หมู่ที่ 02 ต.แม่กาษา ', '', '02', '05', '06', '63', '', '000734100', '0', '10-1 ปฐมภูมิ', '0');
INSERT INTO `chospital2` VALUES ('07342', 'รพ.สต.บ้านโกกโก่ ตำบลแม่กาษา', '03', '2', 'บ้านโก่กโก่ หมู่ที่ 04 ต.แม่กาษา ', '', '04', '05', '06', '63', '', '000734200', '0', '10-1 ปฐมภูมิ', '0');
INSERT INTO `chospital2` VALUES ('07343', 'รพ.สต.บ้านแม่กื้ดสามท่า ตำบลแม่กาษา', '03', '2', 'บ้านแม่กึ๊ดสามท่าใหม่ หมู่ที่ 08 ต. แม่กาษา ', '', '08', '05', '06', '63', '', '000734300', '0', '10-1 ปฐมภูมิ', '0');
INSERT INTO `chospital2` VALUES ('07344', 'รพ.สต.ท่าสายลวด', '03', '2', 'บ้านแม่ตาว หมู่ที่ 01 ต.ท่าสายลวด ', '', '01', '06', '06', '63', '', '000734400', '0', '10-1 ปฐมภูมิ', '0');
INSERT INTO `chospital2` VALUES ('07345', 'รพ.สต.บ้านวังตะเคียน ตำบลท่าสายลวด', '03', '2', 'บ้านวังตะเคียน หมู่ที่ 04 ต.ท่าสายลวด ', '', '04', '06', '06', '63', '', '000734500', '0', '10-1 ปฐมภูมิ', '0');
INSERT INTO `chospital2` VALUES ('07346', 'รพ.สต.แม่ปะ', '03', '2', 'บ้านแม่ปะกลาง หมู่ที่ 02 ต.แม่ปะ ', '', '02', '07', '06', '63', '', '000734600', '0', '10-1 ปฐมภูมิ', '0');
INSERT INTO `chospital2` VALUES ('07347', 'รพ.สต.บ้านห้วยกระโหลก ตำบลแม่ปะ', '03', '2', 'บ้านห้วยกะโหลก หมู่ที่ 04 ต.แม่ปะ ', '', '04', '07', '06', '63', '', '000734700', '0', '10-1 ปฐมภูมิ', '0');
INSERT INTO `chospital2` VALUES ('07348', 'รพ.สต.บ้านห้วยหินฝน ตำบลแม่ปะ', '03', '2', 'บ้านห้วยหินฝน หมู่ที่ 06 แม่ปะ ', '', '06', '07', '06', '63', '', '000734800', '0', '10-1 ปฐมภูมิ', '0');
INSERT INTO `chospital2` VALUES ('07349', 'รพ.สต.มหาวัน', '03', '2', 'บ้านแม่โกนเกน หมู่ที่ 04 ต.มหาวัน ', '', '04', '08', '06', '63', '', '000734900', '0', '10-1 ปฐมภูมิ', '0');
INSERT INTO `chospital2` VALUES ('07350', 'รพ.สต.บ้านเจดีย์โค๊ะ ตำบลมหาวัน', '03', '2', 'บ้านเจดีย์โค๊ะ หมู่ที่ 06 ต.มหาวัน ', '', '06', '08', '06', '63', '', '000735000', '0', '10-1 ปฐมภูมิ', '0');
INSERT INTO `chospital2` VALUES ('07351', 'รพ.สต.บ้านห้วยยะอุ ตำบลด่านแม่ละเมา', '03', '2', 'บ้านห้วยยะอุ หมู่ที่ 01 ต.ด่านแม่ละเมา ', '', '01', '09', '06', '63', '', '000735100', '0', '10-1 ปฐมภูมิ', '0');
INSERT INTO `chospital2` VALUES ('07352', 'รพ.สต.บ้านปางส้าน ตำบลด่านแม่ละเมา', '03', '2', 'บ้านปางส้าน หมู่ที่ 02 ต.ด่านแม่ละเมา ', '', '02', '09', '06', '63', '', '000735200', '0', '10-1 ปฐมภูมิ', '0');
INSERT INTO `chospital2` VALUES ('07353', 'รพ.สต.พระธาตุผาแดง', '03', '2', 'บ้านค้างภิบาล หมู่ที่ 01 ต.พระธาตุผาแดง ', '', '01', '10', '06', '63', '', '000735300', '0', '10-1 ปฐมภูมิ', '0');
INSERT INTO `chospital2` VALUES ('07354', 'รพ.สต.บ้านซอโอ ตำบลช่องแคบ', '03', '2', 'บ้านดอนเจดีย์ หมู่ที่ 07 ต.ช่องแคบ ', '', '07', '02', '07', '63', '', '000735400', '0', '10-1 ปฐมภูมิ', '0');
INSERT INTO `chospital2` VALUES ('07355', 'รพ.สต.ช่องแคบ', '03', '2', 'บ้านเงาไผ่ หมู่ที่ 11 ต.ช่องแคบ ', '', '11', '02', '07', '63', '', '000735500', '0', '10-1 ปฐมภูมิ', '0');
INSERT INTO `chospital2` VALUES ('07356', 'รพ.สต.บ้านร่มเกล้า 4 ตำบลคีรีราษฎร์', '03', '2', 'บ้านอุ้มเปี้ยม(ร่มเกล้า 4) หมู่ที่ 01 ต.คีรีราษฎร์', '', '01', '03', '07', '63', '', '000735600', '0', '10-1 ปฐมภูมิ', '0');
INSERT INTO `chospital2` VALUES ('07357', 'รพ.สต.บ้านชิบาโบ ตำบลคีรีราษฎร์', '03', '2', 'บ้านชิบาโบ หมู่ที่ 08 คีรีราษฎร์ ', '', '08', '03', '07', '63', '', '000735700', '0', '10-1 ปฐมภูมิ', '0');
INSERT INTO `chospital2` VALUES ('07358', 'รพ.สต.บ้านร่มเกล้า 1 ตำบลคีรีราษฎร์', '03', '2', 'บ้านร่มเกล้า 1 (คีรีราษฎร์) หมู่ที่ 04 ต.คีรีราษฎร', '', '04', '03', '07', '63', '', '000735800', '0', '10-1 ปฐมภูมิ', '0');
INSERT INTO `chospital2` VALUES ('07359', 'รพ.สต.บ้านวาเล่ย์ ตำบลวาเล่ย์', '03', '2', 'บ้านวาเลย์เหนือ หมู่ที่ 03 ต.วาเล่ย์ ', '', '03', '04', '07', '63', '', '000735900', '0', '10-1 ปฐมภูมิ', '0');
INSERT INTO `chospital2` VALUES ('07360', 'รพ.สต.บ้านรวมไทยพัฒนาที่ 16 ตำบลวาเล่ย์', '03', '2', 'บ้านรวมไทยพัฒนาที่ 16 หมู่ที่ 07 ต.วาเล่ย์ ', '', '07', '04', '07', '63', '', '000736000', '0', '10-1 ปฐมภูมิ', '0');
INSERT INTO `chospital2` VALUES ('07361', 'รพ.สต.บ้านรวมไทยพัฒนาที่ 1 ตำบลรวมไทยพัฒนา', '03', '2', 'บ้านรวมไทยพัฒนาที่ 1 หมู่ที่ 10 ต.รวมไทย', '', '10', '05', '07', '63', '', '000736100', '0', '10-1 ปฐมภูมิ', '0');
INSERT INTO `chospital2` VALUES ('07362', 'รพ.สต.บ้านรวมไทยพัฒนาที่ 6 ตำบลรวมไทยพัฒนา', '03', '2', 'บ้านรวมไทยพัฒนาที่ 6 หมู่ที่ 09 ต.รวมไทย ', '', '09', '05', '07', '63', '', '000736200', '0', '10-1 ปฐมภูมิ', '0');
INSERT INTO `chospital2` VALUES ('07363', 'รพ.สต.บ้านแม่กลองใหม่', '03', '2', 'บ้านแม่กลองใหม่ หมู่ที่ 01 ต.แม่กลอง', '', '01', '06', '08', '63', '', '000736300', '0', '10-1 ปฐมภูมิ', '0');
INSERT INTO `chospital2` VALUES ('07364', 'รพ.สต.บ้านหนองหลวง ตำบลหนองหลวง', '03', '2', 'บ้านหนองหลวง หมู่ที่ 01 ต.หนองหลวง ', '', '01', '02', '08', '63', '', '000736400', '0', '10-1 ปฐมภูมิ', '0');
INSERT INTO `chospital2` VALUES ('07365', 'รพ.สต.โมโกร', '03', '2', 'บ้านปรอผาโด้ หมู่ที่ 01 ต.โมโกร ', '', '01', '03', '08', '63', '', '000736500', '0', '10-1 ปฐมภูมิ', '0');
INSERT INTO `chospital2` VALUES ('07366', 'รพ.สต.แม่จัน', '03', '2', 'บ้านกล้อทอ หมู่ที่ 02 ต.แม่จัน ', '', '02', '04', '08', '63', '', '000736600', '0', '10-1 ปฐมภูมิ', '0');
INSERT INTO `chospital2` VALUES ('07367', 'รพ.สต.แม่ละมุ้ง', '03', '2', 'บ้านปะละทะ หมู่ที่ 01 ต.แม่ละมุ้ง ', '', '01', '05', '08', '63', '', '000736700', '0', '10-1 ปฐมภูมิ', '0');
INSERT INTO `chospital2` VALUES ('07368', 'รพ.สต.บ้านสวน', '03', '2', 'ม. 03 ต. บ้านสวน อ. เมืองสุโขทัย จ.สุโขทัย', '', '03', '02', '01', '64', '', '000736800', '0', '10-1 ปฐมภูมิ', '0');
INSERT INTO `chospital2` VALUES ('07369', 'รพ.สต.บ้านคลองด่าน ตำบลบ้านสวน', '03', '2', 'ม. 05 ต. บ้านสวน อ. เมืองสุโขทัย จ.สุโขทัย', '', '05', '02', '01', '64', '', '000736900', '0', '10-1 ปฐมภูมิ', '0');
INSERT INTO `chospital2` VALUES ('07370', 'สอ.เฉลิมพระเกียรติ 60 พรรษา นวมินทราชินี จ.สุโขทัย(ต.เมืองเก่า)', '03', '2', 'ม. 02 ต. เมืองเก่า อ. เมืองสุโขทัย จ.สุโขทัย', '', '02', '03', '01', '64', '', '000737000', '0', '10-1 ปฐมภูมิ', '0');
INSERT INTO `chospital2` VALUES ('07371', 'รพ.สต.บ้านวังตะคร้อ ตำบลเมืองเก่า', '03', '2', 'ม. 04 ต. เมืองเก่า อ. เมืองสุโขทัย จ.สุโขทัย', '', '04', '03', '01', '64', '', '000737100', '0', '10-1 ปฐมภูมิ', '0');
INSERT INTO `chospital2` VALUES ('07372', 'รพ.สต.บ้านมนต์คีรี ตำบลเมืองเก่า', '03', '2', 'ม. 06 ต. เมืองเก่า อ. เมืองสุโขทัย จ.สุโขทัย', '', '06', '03', '01', '64', '', '000737200', '0', '10-1 ปฐมภูมิ', '0');
INSERT INTO `chospital2` VALUES ('07373', 'รพ.สต.ปากแคว', '03', '2', 'ม. 08 ต. ปากแคว อ. เมืองสุโขทัย จ.สุโขทัย', '', '08', '04', '01', '64', '', '000737300', '0', '10-1 ปฐมภูมิ', '0');
INSERT INTO `chospital2` VALUES ('07374', 'รพ.สต.ยางซ้าย', '03', '2', 'ม. 01 ต. ยางซ้าย อ. เมืองสุโขทัย จ.สุโขทัย', '', '01', '05', '01', '64', '', '000737400', '0', '10-1 ปฐมภูมิ', '0');
INSERT INTO `chospital2` VALUES ('07375', 'รพ.สต.บ้านกล้วย', '03', '2', 'ม. 02 ต. บ้านกล้วย อ. เมืองสุโขทัย จ.สุโขทัย', '', '02', '06', '01', '64', '', '000737500', '0', '10-1 ปฐมภูมิ', '0');
INSERT INTO `chospital2` VALUES ('07376', 'รพ.สต.บ้านเพชรไฝ ตำบลบ้านกล้วย', '03', '2', 'ม. 04 ต. บ้านกล้วย อ. เมืองสุโขทัย จ.สุโขทัย', '', '04', '06', '01', '64', '', '000737600', '0', '10-1 ปฐมภูมิ', '0');
INSERT INTO `chospital2` VALUES ('07377', 'รพ.สต.บ้านหลุม', '03', '2', 'ม. 01 ต. บ้านหลุม อ. เมืองสุโขทัย จ.สุโขทัย', '', '01', '07', '01', '64', '', '000737700', '0', '10-1 ปฐมภูมิ', '0');
INSERT INTO `chospital2` VALUES ('07378', 'รพ.สต.ตาลเตี้ย', '03', '2', 'ม. 01 ต. ตาลเตี้ย อ. เมืองสุโขทัย จ.สุโขทัย', '', '01', '08', '01', '64', '', '000737800', '0', '10-1 ปฐมภูมิ', '0');
INSERT INTO `chospital2` VALUES ('07379', 'รพ.สต.ปากพระ', '03', '2', 'ม. 01 ต. ปากพระ อ. เมืองสุโขทัย จ.สุโขทัย', '', '01', '09', '01', '64', '', '000737900', '0', '10-1 ปฐมภูมิ', '0');
INSERT INTO `chospital2` VALUES ('07380', 'รพ.สต.วังทองแดง', '03', '2', 'ม. 01 ต. วังทองแดง อ. เมืองสุโขทัย จ.สุโขทัย', '', '01', '10', '01', '64', '', '000738000', '0', '10-1 ปฐมภูมิ', '0');
INSERT INTO `chospital2` VALUES ('07381', 'รพ.สต.บ้านหนองตาโชติ ตำบลวังทองแดง', '03', '2', 'ม. 05 ต. วังทองแดง อ. เมืองสุโขทัย จ.สุโขทัย', '', '05', '10', '01', '64', '', '000738100', '0', '10-1 ปฐมภูมิ', '0');
INSERT INTO `chospital2` VALUES ('07382', 'รพ.สต.บ้านด่าน', '03', '2', 'ม. 04 ต. บ้านด่าน อ. บ้านด่านลานหอย จ.สุโขทัย', '', '04', '02', '02', '64', '', '000738200', '0', '10-1 ปฐมภูมิ', '0');
INSERT INTO `chospital2` VALUES ('07383', 'รพ.สต.วังตะคร้อ', '03', '2', 'ม. 06 ต. วังตะคร้อ อ. บ้านด่านลานหอย จ.สุโขทัย', '', '06', '03', '02', '64', '', '000738300', '0', '10-1 ปฐมภูมิ', '0');
INSERT INTO `chospital2` VALUES ('07384', 'รพ.สต.บ้านคลองสะเกษ ตำบลวังน้ำขาว', '03', '2', 'ม. 01 ต. วังน้ำขาว อ. บ้านด่านลานหอย จ.สุโขทัย', '', '01', '04', '02', '64', '', '000738400', '0', '10-1 ปฐมภูมิ', '0');
INSERT INTO `chospital2` VALUES ('07385', 'รพ.สต.วังน้ำขาว', '03', '2', 'ม. 02 ต. วังน้ำขาว อ. บ้านด่านลานหอย จ.สุโขทัย', '', '02', '04', '02', '64', '', '000738500', '0', '10-1 ปฐมภูมิ', '0');
INSERT INTO `chospital2` VALUES ('07386', 'รพ.สต.ตลิ่งชัน', '03', '2', 'ม. 01 ต. ตลิ่งชัน อ. บ้านด่านลานหอย จ.สุโขทัย', '', '01', '05', '02', '64', '', '000738600', '0', '10-1 ปฐมภูมิ', '0');
INSERT INTO `chospital2` VALUES ('07387', 'รพ.สต.บ้านหนองเตาปูน  ตำบลตลิ่งชัน', '03', '2', 'ม. 06 ต. ตลิ่งชัน อ. บ้านด่านลานหอย จ.สุโขทัย', '', '06', '05', '02', '64', '', '000738700', '0', '10-1 ปฐมภูมิ', '0');
INSERT INTO `chospital2` VALUES ('07388', 'รพ.สต.หนองหญ้าปล้อง', '03', '2', 'ม. 09 ต. หนองหญ้าปล้อง อ. บ้านด่านลานหอย จ.สุโขทัย', '', '09', '06', '02', '64', '', '000738800', '0', '10-1 ปฐมภูมิ', '0');
INSERT INTO `chospital2` VALUES ('07389', 'รพ.สต.วังลึก', '03', '2', 'ม. 01 ต. วังลึก อ. บ้านด่านลานหอย จ.สุโขทัย', '', '01', '07', '02', '64', '', '000738900', '0', '10-1 ปฐมภูมิ', '0');
INSERT INTO `chospital2` VALUES ('07390', 'รพ.สต.บ้านหนองกก ตำบลโตนด', '03', '2', 'ม. 06 ต. โตนด อ. คีรีมาศ จ.สุโขทัย', '', '06', '01', '03', '64', '', '000739000', '0', '10-1 ปฐมภูมิ', '0');
INSERT INTO `chospital2` VALUES ('07391', 'รพ.สต.ทุ่งหลวง', '03', '2', 'ม. 03 ต. ทุ่งหลวง อ. คีรีมาศ จ.สุโขทัย', '', '03', '02', '03', '64', '', '000739100', '0', '10-1 ปฐมภูมิ', '0');
INSERT INTO `chospital2` VALUES ('07392', 'รพ.สต.บ้านป้อม', '03', '2', 'ม. 03 ต. บ้านป้อม อ. คีรีมาศ จ.สุโขทัย', '', '03', '03', '03', '64', '', '000739200', '0', '10-1 ปฐมภูมิ', '0');
INSERT INTO `chospital2` VALUES ('07393', 'รพ.สต.สามพวง', '03', '2', 'ม. 05 ต. สามพวง อ. คีรีมาศ จ.สุโขทัย', '', '05', '04', '03', '64', '', '000739300', '0', '10-1 ปฐมภูมิ', '0');
INSERT INTO `chospital2` VALUES ('07394', 'รพ.สต.ศรีคีรีมาศ', '03', '2', 'ม. 03 ต. ศรีคีรีมาศ อ. คีรีมาศ จ.สุโขทัย', '', '03', '05', '03', '64', '', '000739400', '0', '10-1 ปฐมภูมิ', '0');
INSERT INTO `chospital2` VALUES ('07395', 'รพ.สต.บ้านใหม่เจริญผล ตำบลหนองจิก', '03', '2', 'ม. 04 ต. หนองจิก อ. คีรีมาศ จ.สุโขทัย', '', '04', '06', '03', '64', '', '000739500', '0', '10-1 ปฐมภูมิ', '0');
INSERT INTO `chospital2` VALUES ('07396', 'รพ.สต.หนองจิก', '03', '2', 'ม. 05 ต. หนองจิก อ. คีรีมาศ จ.สุโขทัย', '', '05', '06', '03', '64', '', '000739600', '0', '10-1 ปฐมภูมิ', '0');
INSERT INTO `chospital2` VALUES ('07397', 'รพ.สต.นาเชิงคีรี', '03', '2', 'ม. 03 ต. นาเชิงคีรี อ. คีรีมาศ จ.สุโขทัย', '', '03', '07', '03', '64', '', '000739700', '0', '10-1 ปฐมภูมิ', '0');
INSERT INTO `chospital2` VALUES ('07398', 'รพ.สต.บ้านขุนนาวัง ตำบลนาเชิงคีรี', '03', '2', 'ม. 10 ต. นาเชิงคีรี อ. คีรีมาศ จ.สุโขทัย', '', '10', '07', '03', '64', '', '000739800', '0', '10-1 ปฐมภูมิ', '0');
INSERT INTO `chospital2` VALUES ('07399', 'รพ.สต.หนองกระดิ่ง', '03', '2', 'ม. 04 ต. หนองกระดิ่ง อ. คีรีมาศ จ.สุโขทัย', '', '04', '08', '03', '64', '', '000739900', '0', '10-1 ปฐมภูมิ', '0');
INSERT INTO `chospital2` VALUES ('07400', 'รพ.สต.น้ำพุ', '03', '2', 'ม. 01 ต. บ้านน้ำพุ อ. คีรีมาศ จ.สุโขทัย', '', '01', '09', '03', '64', '', '000740000', '0', '10-1 ปฐมภูมิ', '0');
INSERT INTO `chospital2` VALUES ('07401', 'รพ.สต.ทุ่งยางเมือง', '03', '2', 'ม. 01 ต. บ้านกร่าง อ. คีรีมาศ จ.สุโขทัย', '', '01', '10', '03', '64', '', '000740100', '0', '10-1 ปฐมภูมิ', '0');
INSERT INTO `chospital2` VALUES ('07402', 'รพ.สต.บ้านประดู่เฒ่า ตำบลกง', '03', '2', 'ม. 07 ต. กง อ. กงไกรลาศ จ.สุโขทัย', '', '07', '01', '04', '64', '', '000740200', '0', '10-1 ปฐมภูมิ', '0');
INSERT INTO `chospital2` VALUES ('07403', 'รพ.สต.กง', '03', '2', 'ม. 09 ต. กง อ. กงไกรลาศ จ.สุโขทัย', '', '09', '01', '04', '64', '', '000740300', '0', '10-1 ปฐมภูมิ', '0');
INSERT INTO `chospital2` VALUES ('07404', 'รพ.สต.ไกรนอก', '03', '2', 'ม. 05 ต. ไกรนอก อ. กงไกรลาศ จ.สุโขทัย', '', '05', '03', '04', '64', '', '000740400', '0', '10-1 ปฐมภูมิ', '0');
INSERT INTO `chospital2` VALUES ('07405', 'รพ.สต.ไกรกลาง', '03', '2', 'ม. 03 ต. ไกรกลาง อ. กงไกรลาศ จ.สุโขทัย', '', '03', '04', '04', '64', '', '000740500', '0', '10-1 ปฐมภูมิ', '0');
INSERT INTO `chospital2` VALUES ('07406', 'รพ.สต.ไกรใน', '03', '2', 'ม. 04 ต. ไกรใน อ. กงไกรลาศ จ.สุโขทัย', '', '04', '05', '04', '64', '', '000740600', '0', '10-1 ปฐมภูมิ', '0');
INSERT INTO `chospital2` VALUES ('07407', 'รพ.สต.บ้านหนองกระทุ่ม ตำบลไกรใน', '03', '2', 'ม. 09 ต. ไกรใน อ. กงไกรลาศ จ.สุโขทัย', '', '09', '05', '04', '64', '', '000740700', '0', '10-1 ปฐมภูมิ', '0');
INSERT INTO `chospital2` VALUES ('07408', 'รพ.สต.ดงเดือย', '03', '2', 'ม. 04 ต. ดงเดือย อ. กงไกรลาศ จ.สุโขทัย', '', '04', '06', '04', '64', '', '000740800', '0', '10-1 ปฐมภูมิ', '0');
INSERT INTO `chospital2` VALUES ('07409', 'รพ.สต.ป่าแฝก', '03', '2', 'ม. 07 ต. ป่าแฝก อ. กงไกรลาศ จ.สุโขทัย', '', '07', '07', '04', '64', '', '000740900', '0', '10-1 ปฐมภูมิ', '0');
INSERT INTO `chospital2` VALUES ('07410', 'รพ.สต.บ้านปรักรัก ตำบลกกแรต', '03', '2', 'ม. 02 ต. กกแรต อ. กงไกรลาศ จ.สุโขทัย', '', '02', '08', '04', '64', '', '000741000', '0', '10-1 ปฐมภูมิ', '0');
INSERT INTO `chospital2` VALUES ('07411', 'รพ.สต.บ้านกกแรต ตำบลกกแรต', '03', '2', 'ม. 04 ต. กกแรต อ. กงไกรลาศ จ.สุโขทัย', '', '04', '08', '04', '64', '', '000741100', '0', '10-1 ปฐมภูมิ', '0');
INSERT INTO `chospital2` VALUES ('07412', 'รพ.สต.บ้านท่าฉนวน ตำบลท่าฉนวน', '03', '2', 'ม. 01 ต. ท่าฉนวน อ. กงไกรลาศ จ.สุโขทัย', '', '01', '09', '04', '64', '', '000741200', '0', '10-1 ปฐมภูมิ', '0');
INSERT INTO `chospital2` VALUES ('07413', 'รพ.สต.บ้านน้ำเรื่อง ตำบลท่าฉนวน', '03', '2', 'ม. 05 ต. ท่าฉนวน อ. กงไกรลาศ จ.สุโขทัย', '', '05', '09', '04', '64', '', '000741300', '0', '10-1 ปฐมภูมิ', '0');
INSERT INTO `chospital2` VALUES ('07414', 'รพ.สต.หนองตูม', '03', '2', 'ม. 01 ต. หนองตูม อ. กงไกรลาศ จ.สุโขทัย', '', '01', '10', '04', '64', '', '000741400', '0', '10-1 ปฐมภูมิ', '0');
INSERT INTO `chospital2` VALUES ('07415', 'รพ.สต.บ้านใหม่สุขเกษม', '03', '2', 'ม. 02 ต. บ้านใหม่สุขเกษม อ. กงไกรลาศ จ.สุโขทัย', '', '02', '11', '04', '64', '', '000741500', '0', '10-1 ปฐมภูมิ', '0');
INSERT INTO `chospital2` VALUES ('07416', 'รพ.สต.ศรีสัชนาลัย', '03', '2', 'ม. 05 ต. ศรีสัชนาลัย อ. ศรีสัชนาลัย จ.สุโขทัย', '', '05', '08', '05', '64', '', '000741600', '0', '10-1 ปฐมภูมิ', '0');
INSERT INTO `chospital2` VALUES ('07417', 'รพ.สต.ป่างิ้ว', '03', '2', 'ม. 05 ต. ป่างิ้ว อ. ศรีสัชนาลัย จ.สุโขทัย', '', '05', '02', '05', '64', '', '000741700', '0', '10-1 ปฐมภูมิ', '0');
INSERT INTO `chospital2` VALUES ('07418', 'รพ.สต.แม่สำ', '03', '2', 'ม. 02 ต. แม่สำ อ. ศรีสัชนาลัย จ.สุโขทัย', '', '02', '03', '05', '64', '', '000741800', '0', '10-1 ปฐมภูมิ', '0');
INSERT INTO `chospital2` VALUES ('07419', 'รพ.สต.แม่สิน', '03', '2', 'ม. 02 ต. แม่สิน อ. ศรีสัชนาลัย จ.สุโขทัย', '', '02', '04', '05', '64', '', '000741900', '0', '10-1 ปฐมภูมิ', '0');
INSERT INTO `chospital2` VALUES ('07420', 'รพ.สต.บ้านสะท้อ ตำบลแม่สิน', '03', '2', 'ม. 06 ต. แม่สิน อ. ศรีสัชนาลัย จ.สุโขทัย', '', '06', '04', '05', '64', '', '000742000', '0', '10-1 ปฐมภูมิ', '0');
INSERT INTO `chospital2` VALUES ('07421', 'รพ.สต.บ้านห้วยโป้ ตำบลแม่สิน', '03', '2', 'ม. 14 ต. แม่สิน อ. ศรีสัชนาลัย จ.สุโขทัย', '', '14', '04', '05', '64', '', '000742100', '0', '10-1 ปฐมภูมิ', '0');
INSERT INTO `chospital2` VALUES ('07422', 'รพ.สต.บ้านดงย่าปา ตำบลบ้านตึก', '03', '2', 'ม. 06 ต. บ้านตึก อ. ศรีสัชนาลัย จ.สุโขทัย', '', '06', '05', '05', '64', '', '000742200', '0', '10-1 ปฐมภูมิ', '0');
INSERT INTO `chospital2` VALUES ('07423', 'รพ.สต.บ้านตึก', '03', '2', 'ม. 11 ต. บ้านตึก อ. ศรีสัชนาลัย จ.สุโขทัย', '', '11', '05', '05', '64', '', '000742300', '0', '10-1 ปฐมภูมิ', '0');
INSERT INTO `chospital2` VALUES ('07424', 'รพ.สต.หนองอ้อ', '03', '2', 'ม. 06 ต. หนองอ้อ อ. ศรีสัชนาลัย จ.สุโขทัย', '', '06', '06', '05', '64', '', '000742400', '0', '10-1 ปฐมภูมิ', '0');
INSERT INTO `chospital2` VALUES ('07425', 'รพ.สต.ท่าชัย', '03', '2', 'ม. 05 ต. ท่าชัย อ. ศรีสัชนาลัย จ.สุโขทัย', '', '05', '07', '05', '64', '', '000742500', '0', '10-1 ปฐมภูมิ', '0');
INSERT INTO `chospital2` VALUES ('07426', 'รพ.สต.ดงคู่', '03', '2', 'ม. 02 ต. ดงคู่ อ. ศรีสัชนาลัย จ.สุโขทัย', '', '02', '09', '05', '64', '', '000742600', '0', '10-1 ปฐมภูมิ', '0');
INSERT INTO `chospital2` VALUES ('07427', 'รพ.สต.บ้านแก่ง', '03', '2', 'ม. 01 ต. บ้านแก่ง อ. ศรีสัชนาลัย จ.สุโขทัย', '', '01', '10', '05', '64', '', '000742700', '0', '10-1 ปฐมภูมิ', '0');
INSERT INTO `chospital2` VALUES ('07428', 'รพ.สต.บ้านปากคะยาง ตำบลบ้านแก่ง', '03', '2', 'ม. 03 ต. บ้านแก่ง อ. ศรีสัชนาลัย จ.สุโขทัย', '', '03', '10', '05', '64', '', '000742800', '0', '10-1 ปฐมภูมิ', '0');
INSERT INTO `chospital2` VALUES ('07429', 'รพ.สต.บ้านป่าคา ตำบลบ้านแก่ง', '03', '2', 'ม. 06 ต. บ้านแก่ง อ. ศรีสัชนาลัย จ.สุโขทัย', '', '06', '10', '05', '64', '', '000742900', '0', '10-1 ปฐมภูมิ', '0');
INSERT INTO `chospital2` VALUES ('07430', 'รพ.สต.บ้านแสนตอ ตำบลสารจิตร', '03', '2', 'ม. 05 ต. สารจิตร อ. ศรีสัชนาลัย จ.สุโขทัย', '', '05', '11', '05', '64', '', '000743000', '0', '10-1 ปฐมภูมิ', '0');
INSERT INTO `chospital2` VALUES ('07431', 'รพ.สต.สารจิตร', '03', '2', 'ม. 09 ต. สารจิตร อ. ศรีสัชนาลัย จ.สุโขทัย', '', '09', '11', '05', '64', '', '000743100', '0', '10-1 ปฐมภูมิ', '0');
INSERT INTO `chospital2` VALUES ('07432', 'รพ.สต.คลองตาล', '03', '2', 'ม. 01 ต. คลองตาล อ. ศรีสำโรง จ.สุโขทัย', '', '01', '01', '06', '64', '', '000743200', '0', '10-1 ปฐมภูมิ', '0');
INSERT INTO `chospital2` VALUES ('07433', 'รพ.สต.วังลึก', '03', '2', 'ม. 03 ต. วังลึก อ. ศรีสำโรง จ.สุโขทัย', '', '03', '02', '06', '64', '', '000743300', '0', '10-1 ปฐมภูมิ', '0');
INSERT INTO `chospital2` VALUES ('07434', 'รพ.สต.สามเรือน', '03', '2', 'ม. 10 ต. สามเรือน อ. ศรีสำโรง จ.สุโขทัย', '', '10', '03', '06', '64', '', '000743400', '0', '10-1 ปฐมภูมิ', '0');
INSERT INTO `chospital2` VALUES ('07435', 'รพ.สต.บ้านนา', '03', '2', 'ม. 03 ต. บ้านนา อ. ศรีสำโรง จ.สุโขทัย', '', '03', '04', '06', '64', '', '000743500', '0', '10-1 ปฐมภูมิ', '0');
INSERT INTO `chospital2` VALUES ('07436', 'รพ.สต.วังทอง', '03', '2', 'ม. 06 ต. วังทอง อ. ศรีสำโรง จ.สุโขทัย', '', '06', '05', '06', '64', '', '000743600', '0', '10-1 ปฐมภูมิ', '0');
INSERT INTO `chospital2` VALUES ('07437', 'รพ.สต.บ้านวังพิกุล ตำบลนาขุนไกร', '03', '2', 'ม. 03 ต. นาขุนไกร อ. ศรีสำโรง จ.สุโขทัย', '', '03', '06', '06', '64', '', '000743700', '0', '10-1 ปฐมภูมิ', '0');
INSERT INTO `chospital2` VALUES ('07438', 'รพ.สต.นาขุนไกร', '03', '2', 'ม. 04 ต. นาขุนไกร อ. ศรีสำโรง จ.สุโขทัย', '', '04', '06', '06', '64', '', '000743800', '0', '10-1 ปฐมภูมิ', '0');
INSERT INTO `chospital2` VALUES ('07439', 'รพ.สต.เกาะตาเลี้ยง', '03', '2', 'ม. 04 ต. เกาะตาเลี้ยง อ. ศรีสำโรง จ.สุโขทัย', '', '04', '07', '06', '64', '', '000743900', '0', '10-1 ปฐมภูมิ', '0');
INSERT INTO `chospital2` VALUES ('07440', 'รพ.สต.บ้านวงฆ้อง ตำบลเกาะตาเลี้ยง', '03', '2', 'ม. 08 ต. เกาะตาเลี้ยง อ. ศรีสำโรง จ.สุโขทัย', '', '08', '07', '06', '64', '', '000744000', '0', '10-1 ปฐมภูมิ', '0');
INSERT INTO `chospital2` VALUES ('07441', 'รพ.สต.วัดเกาะ', '03', '2', 'ม. 06 ต. วัดเกาะ อ. ศรีสำโรง จ.สุโขทัย', '', '06', '08', '06', '64', '', '000744100', '0', '10-1 ปฐมภูมิ', '0');
INSERT INTO `chospital2` VALUES ('07442', 'รพ.สต.บ้านไร่', '03', '2', 'ม. 01 ต. บ้านไร่ อ. ศรีสำโรง จ.สุโขทัย', '', '01', '09', '06', '64', '', '000744200', '0', '10-1 ปฐมภูมิ', '0');
INSERT INTO `chospital2` VALUES ('07443', 'รพ.สต.ทับผึ้ง', '03', '2', 'ม. 03 ต. ทับผึ้ง อ. ศรีสำโรง จ.สุโขทัย', '', '03', '10', '06', '64', '', '000744300', '0', '10-1 ปฐมภูมิ', '0');
INSERT INTO `chospital2` VALUES ('07444', 'รพ.สต.บ้านเตว็ดนอก ตำบลทับผึ้ง', '03', '2', 'ม. 09 ต. ทับผึ้ง อ. ศรีสำโรง จ.สุโขทัย', '', '09', '10', '06', '64', '', '000744400', '0', '10-1 ปฐมภูมิ', '0');
INSERT INTO `chospital2` VALUES ('07445', 'รพ.สต.บ้านซ่าน', '03', '2', 'ม. 10 ต. บ้านซ่าน อ. ศรีสำโรง จ.สุโขทัย', '', '02', '11', '06', '64', '', '000744500', '0', '10-1 ปฐมภูมิ', '0');
INSERT INTO `chospital2` VALUES ('07446', 'รพ.สต.วังใหญ่', '03', '2', 'ม. 01 ต. วังใหญ่ อ. ศรีสำโรง จ.สุโขทัย', '', '01', '12', '06', '64', '', '000744600', '0', '10-1 ปฐมภูมิ', '0');
INSERT INTO `chospital2` VALUES ('07447', 'รพ.สต.บ้านสระบัว ตำบลวังใหญ่', '03', '2', 'ม. 07 ต. วังใหญ่ อ. ศรีสำโรง จ.สุโขทัย', '', '07', '12', '06', '64', '', '000744700', '0', '10-1 ปฐมภูมิ', '0');
INSERT INTO `chospital2` VALUES ('07448', 'รพ.สต.ราวต้นจันทร์', '03', '2', 'ม. 01 ต. ราวต้นจันทร์ อ. ศรีสำโรง จ.สุโขทัย', '', '01', '13', '06', '64', '', '000744800', '0', '10-1 ปฐมภูมิ', '0');
INSERT INTO `chospital2` VALUES ('07449', 'รพ.สต.บ้านท่ามักกะสัง  ตำบลราวต้นจัทร์', '03', '2', 'ม. 06 ต. ราวต้นจันทร์ อ. ศรีสำโรง จ.สุโขทัย', '', '06', '13', '06', '64', '', '000744900', '0', '10-1 ปฐมภูมิ', '0');
INSERT INTO `chospital2` VALUES ('07450', 'รพ.สต.คลองกระจง', '03', '2', 'ม. 08 ต. คลองกระจง อ. สวรรคโลก จ.สุโขทัย', '', '08', '03', '07', '64', '', '000745000', '0', '10-1 ปฐมภูมิ', '0');
INSERT INTO `chospital2` VALUES ('07451', 'รพ.สต.วังพิณพาทย์', '03', '2', 'ม. 03 ต. วังพิณพาทย์ อ. สวรรคโลก จ.สุโขทัย', '', '03', '04', '07', '64', '', '000745100', '0', '10-1 ปฐมภูมิ', '0');
INSERT INTO `chospital2` VALUES ('07452', 'รพ.สต.วังไม้ขอน', '03', '2', 'ม. 01 ต. วังไม้ขอน อ. สวรรคโลก จ.สุโขทัย', '', '01', '05', '07', '64', '', '000745200', '0', '10-1 ปฐมภูมิ', '0');
INSERT INTO `chospital2` VALUES ('07453', 'รพ.สต.ย่านยาว', '03', '2', 'ม. 02 ต. ย่านยาว อ. สวรรคโลก จ.สุโขทัย', '', '02', '06', '07', '64', '', '000745300', '0', '10-1 ปฐมภูมิ', '0');
INSERT INTO `chospital2` VALUES ('07454', 'รพ.สต.นาทุ่ง', '03', '2', 'ม. 03 ต. นาทุ่ง อ. สวรรคโลก จ.สุโขทัย', '', '03', '07', '07', '64', '', '000745400', '0', '10-1 ปฐมภูมิ', '0');
INSERT INTO `chospital2` VALUES ('07455', 'รพ.สต.คลองยาง', '03', '2', 'ม. 04 ต. คลองยาง อ. สวรรคโลก จ.สุโขทัย', '', '04', '08', '07', '64', '', '000745500', '0', '10-1 ปฐมภูมิ', '0');
INSERT INTO `chospital2` VALUES ('07456', 'รพ.สต.บ้านไผ่ตะล่อม ตำบลคลองยาง', '03', '2', 'ม. 06 ต. คลองยาง อ. สวรรคโลก จ.สุโขทัย', '', '06', '08', '07', '64', '', '000745600', '0', '10-1 ปฐมภูมิ', '0');
INSERT INTO `chospital2` VALUES ('07457', 'รพ.สต.เมืองบางยม', '03', '2', 'ม. 01 ต. เมืองบางยม อ. สวรรคโลก จ.สุโขทัย', '', '01', '09', '07', '64', '', '000745700', '0', '10-1 ปฐมภูมิ', '0');
INSERT INTO `chospital2` VALUES ('07458', 'รพ.สต.ท่าทอง', '03', '2', 'ม. 01 ต. ท่าทอง อ. สวรรคโลก จ.สุโขทัย', '', '01', '10', '07', '64', '', '000745800', '0', '10-1 ปฐมภูมิ', '0');
INSERT INTO `chospital2` VALUES ('07459', 'รพ.สต.ปากน้ำ', '03', '2', 'ม. 05 ต. ปากน้ำ อ. สวรรคโลก จ.สุโขทัย', '', '05', '11', '07', '64', '', '000745900', '0', '10-1 ปฐมภูมิ', '0');
INSERT INTO `chospital2` VALUES ('07460', 'รพ.สต.ป่ากุมเกาะ', '03', '2', 'ม. 02 ต. ป่ากุมเกาะ อ. สวรรคโลก จ.สุโขทัย', '', '02', '12', '07', '64', '', '000746000', '0', '10-1 ปฐมภูมิ', '0');
INSERT INTO `chospital2` VALUES ('07461', 'รพ.สต.เมืองบางขลัง', '03', '2', 'ม. 01 ต. เมืองบางขลัง อ. สวรรคโลก จ.สุโขทัย', '', '01', '13', '07', '64', '', '000746100', '0', '10-1 ปฐมภูมิ', '0');
INSERT INTO `chospital2` VALUES ('07462', 'รพ.สต.หนองกลับ', '03', '2', 'ม. 02 ต. หนองกลับ อ. สวรรคโลก จ.สุโขทัย', '', '02', '14', '07', '64', '', '000746200', '0', '10-1 ปฐมภูมิ', '0');
INSERT INTO `chospital2` VALUES ('07463', 'รพ.สต.นครเดิฐ', '03', '2', 'ม. 02 ต. นครเดิฐ อ. ศรีนคร จ.สุโขทัย', '', '02', '02', '08', '64', '', '000746300', '0', '10-1 ปฐมภูมิ', '0');
INSERT INTO `chospital2` VALUES ('07464', 'รพ.สต.น้ำขุม', '03', '2', 'ม. 02 ต. น้ำขุม อ. ศรีนคร จ.สุโขทัย', '', '02', '03', '08', '64', '', '000746400', '0', '10-1 ปฐมภูมิ', '0');
INSERT INTO `chospital2` VALUES ('07465', 'รพ.สต.คลองมะพลับ', '03', '2', 'ม. 02 ต. คลองมะพลับ อ. ศรีนคร จ.สุโขทัย', '', '02', '04', '08', '64', '', '000746500', '0', '10-1 ปฐมภูมิ', '0');
INSERT INTO `chospital2` VALUES ('07466', 'รพ.สต.หนองบัว', '03', '2', 'ม. 04 ต. หนองบัว อ. ศรีนคร จ.สุโขทัย', '', '04', '05', '08', '64', '', '000746600', '0', '10-1 ปฐมภูมิ', '0');
INSERT INTO `chospital2` VALUES ('07467', 'รพ.สต.บ้านท่าวิเศษ ตำบลบ้านใหม่ชัยมงคล', '03', '2', 'ม. 02 ต. บ้านใหม่ไชยมงคล อ. ทุ่งเสลี่ยม จ.สุโขทัย', '', '02', '01', '09', '64', '', '000746700', '0', '10-1 ปฐมภูมิ', '0');
INSERT INTO `chospital2` VALUES ('07468', 'รพ.สต.บ้านแสงสว่าง ตำบลบ้านใหม่ชัยมงคล', '03', '2', 'ม. 03 ต. บ้านใหม่ไชยมงคล อ. ทุ่งเสลี่ยม จ.สุโขทัย', '', '03', '01', '09', '64', '', '000746800', '0', '10-1 ปฐมภูมิ', '0');
INSERT INTO `chospital2` VALUES ('07469', 'รพ.สต.ไทยชนะศึก', '03', '2', 'ม. 02 ต. ไทยชนะศึก อ. ทุ่งเสลี่ยม จ.สุโขทัย', '', '02', '02', '09', '64', '', '000746900', '0', '10-1 ปฐมภูมิ', '0');
INSERT INTO `chospital2` VALUES ('07470', 'รพ.สต.บ้านหนองหมื่นชัย ตำบลไทยชนะศึก', '03', '2', 'ม. 05 ต. ไทยชนะศึก อ. ทุ่งเสลี่ยม จ.สุโขทัย', '', '05', '02', '09', '64', '', '000747000', '0', '10-1 ปฐมภูมิ', '0');
INSERT INTO `chospital2` VALUES ('07471', 'รพ.สต.บ้านหนองผักบุ้ง ตำบลกลางดง', '03', '2', 'ม. 05 ต. กลางดง อ. ทุ่งเสลี่ยม จ.สุโขทัย', '', '05', '04', '09', '64', '', '000747100', '0', '10-1 ปฐมภูมิ', '0');
INSERT INTO `chospital2` VALUES ('07472', 'รพ.สต.กลางดง', '03', '2', 'ม. 10 ต. กลางดง อ. ทุ่งเสลี่ยม จ.สุโขทัย', '', '10', '04', '09', '64', '', '000747200', '0', '10-1 ปฐมภูมิ', '0');
INSERT INTO `chospital2` VALUES ('07473', 'รพ.สต.บ้านบึงบอน ตำบลกลางดง', '03', '2', 'ม. 13 ต. กลางดง อ. ทุ่งเสลี่ยม จ.สุโขทัย', '', '13', '04', '09', '64', '', '000747300', '0', '10-1 ปฐมภูมิ', '0');
INSERT INTO `chospital2` VALUES ('07474', 'รพ.สต.เขาแก้วศรีสมบูรณ์', '03', '2', 'ม. 03 ต. เขาแก้วศรีสมบูรณ์ อ. ทุ่งเสลี่ยม จ.สุโขทั', '', '03', '05', '09', '64', '', '000747400', '0', '10-1 ปฐมภูมิ', '0');
INSERT INTO `chospital2` VALUES ('07475', 'รพ.สต.บ้านสามหลัง ตำบลเขาแก้วศรีสมบูรณ์', '03', '2', 'ม. 06 ต. เขาแก้วศรีสมบูรณ์ อ. ทุ่งเสลี่ยม จ.สุโขทั', '', '06', '05', '09', '64', '', '000747500', '0', '10-1 ปฐมภูมิ', '0');
INSERT INTO `chospital2` VALUES ('07476', 'รพ.สต.วังน้ำคู้', '03', '2', 'ม.3 บ้านปากดอน', '', '03', '02', '01', '65', '', '000747600', '0', '10-1 ปฐมภูมิ', '0');
INSERT INTO `chospital2` VALUES ('07477', 'รพ.สต.งิ้วงาม', '03', '2', 'ม.3 บ้านปากพิง', '', '03', '20', '01', '65', '', '000747700', '0', '10-1 ปฐมภูมิ', '0');
INSERT INTO `chospital2` VALUES ('07478', 'รพ.สต.วัดจันทร์', '03', '2', 'ม.7 บ้านดอน', '', '07', '03', '01', '65', '', '000747800', '0', '10-1 ปฐมภูมิ', '0');
INSERT INTO `chospital2` VALUES ('07479', 'รพ.สต.วัดพริก', '03', '2', '266 ม.1 บ้านใหม่ตะวันออก', '', '01', '04', '01', '65', '', '000747900', '0', '10-1 ปฐมภูมิ', '0');
INSERT INTO `chospital2` VALUES ('07480', 'รพ.สต.บ้านเสาหิน', '03', '2', '53/3 ม.7 บ้านเสาหิน', '', '07', '04', '01', '65', '', '000748000', '0', '10-1 ปฐมภูมิ', '0');
INSERT INTO `chospital2` VALUES ('07481', 'รพ.สต.ท่าทอง', '03', '2', '68 ม.5 บ้านท่าทอง', '', '05', '05', '01', '65', '', '000748100', '0', '10-1 ปฐมภูมิ', '0');
INSERT INTO `chospital2` VALUES ('07482', 'รพ.สต.ท่าโพธิ์', '03', '2', '185 ม.3 บ้านวังวน', '', '03', '06', '01', '65', '', '000748200', '0', '10-1 ปฐมภูมิ', '0');
INSERT INTO `chospital2` VALUES ('07483', 'รพ.สต.สมอแข', '03', '2', 'ม.3 บ้านดงประโดก', '', '03', '07', '01', '65', '', '000748300', '0', '10-1 ปฐมภูมิ', '0');
INSERT INTO `chospital2` VALUES ('07484', 'รพ.สต.ดอนทอง', '03', '2', 'ม.2 บ้านดอนทอง', '', '02', '08', '01', '65', '', '000748400', '0', '10-1 ปฐมภูมิ', '0');
INSERT INTO `chospital2` VALUES ('07485', 'รพ.สต.บ้านป่า', '03', '2', 'ม.7 บ้านป่า', '', '07', '09', '01', '65', '', '000748500', '0', '10-1 ปฐมภูมิ', '0');
INSERT INTO `chospital2` VALUES ('07486', 'รพ.สต.ปากโทก', '03', '2', 'ม.5 บ้านแสงดาว', '', '05', '10', '01', '65', '', '000748600', '0', '10-1 ปฐมภูมิ', '0');
INSERT INTO `chospital2` VALUES ('07487', 'รพ.สต.หัวรอ', '03', '2', 'ม.4 บ้านตาปะขาวหาย', '', '04', '11', '01', '65', '', '000748700', '0', '10-1 ปฐมภูมิ', '0');
INSERT INTO `chospital2` VALUES ('07488', 'รพ.สต.จอมทอง', '03', '2', 'ม.2 บ้านท่าตะเคียน', '', '02', '12', '01', '65', '', '000748800', '0', '10-1 ปฐมภูมิ', '0');
INSERT INTO `chospital2` VALUES ('07489', 'รพ.สต.บ้านจอมทอง', '03', '2', '58 ม.5 บ้านจอมทอง', '', '05', '12', '01', '65', '', '000748900', '0', '10-1 ปฐมภูมิ', '0');
INSERT INTO `chospital2` VALUES ('07490', 'รพ.สต.บ้านกร่าง', '03', '2', '36 ม.3 บ้านกร่าง', '', '03', '13', '01', '65', '', '000749000', '0', '10-1 ปฐมภูมิ', '0');
INSERT INTO `chospital2` VALUES ('07491', 'รพ.สต.บ้านคลอง', '03', '2', 'ม.2 บ้านบางสะแก', '', '02', '14', '01', '65', '', '000749100', '0', '10-1 ปฐมภูมิ', '0');
INSERT INTO `chospital2` VALUES ('07492', 'รพ.สต.พลายชุมพล', '03', '2', 'ม.4 บ้านพลายชุมพล', '', '04', '15', '01', '65', '', '000749200', '0', '10-1 ปฐมภูมิ', '0');
INSERT INTO `chospital2` VALUES ('07493', 'รพ.สต.มะขามสูง', '03', '2', 'ม.1 บ้านทองหลาง', '', '01', '16', '01', '65', '', '000749300', '0', '10-1 ปฐมภูมิ', '0');
INSERT INTO `chospital2` VALUES ('07494', 'รพ.สต.อรัญญิก', '03', '2', '800/10 ม.7 บ้านสะพาน 3', '', '07', '17', '01', '65', '', '000749400', '0', '10-1 ปฐมภูมิ', '0');
INSERT INTO `chospital2` VALUES ('07495', 'รพ.สต.บึงพระ', '03', '2', '385/7 ม.3 บ้านบึงพระ', '', '03', '18', '01', '65', '', '000749500', '0', '10-1 ปฐมภูมิ', '0');
INSERT INTO `chospital2` VALUES ('07496', 'รพ.สต.ไผ่ขอดอน', '03', '2', 'ม.1 บ้านไผ่ขอดอน', '', '01', '19', '01', '65', '', '000749600', '0', '10-1 ปฐมภูมิ', '0');
INSERT INTO `chospital2` VALUES ('07497', 'รพ.สต.บ้านนาจาน', '03', '2', 'ม.2 บ้านนาจาน', '', '02', '02', '02', '65', '', '000749700', '0', '10-1 ปฐมภูมิ', '0');
INSERT INTO `chospital2` VALUES ('07498', 'รพ.สต.หนองกะท้าว', '03', '2', 'ม.3 บ้านหนองกระท้าว', '', '03', '02', '02', '65', '', '000749800', '0', '10-1 ปฐมภูมิ', '0');
INSERT INTO `chospital2` VALUES ('07499', 'รพ.สต.บ้านบางยางพัฒนา', '03', '2', 'ม.16 บ้านบางยางพัฒนา', '', '16', '02', '02', '65', '', '000749900', '0', '10-1 ปฐมภูมิ', '0');
INSERT INTO `chospital2` VALUES ('07500', 'รพ.สต.บ้านแยง', '03', '2', '29 ม.1 บ้านแยง', '', '01', '03', '02', '65', '', '000750000', '0', '10-1 ปฐมภูมิ', '0');
INSERT INTO `chospital2` VALUES ('07501', 'รพ.สต.บ้านหนองหิน', '03', '2', 'ม.2 บ้านหนองหิน', '', '02', '03', '02', '65', '', '000750100', '0', '10-1 ปฐมภูมิ', '0');
INSERT INTO `chospital2` VALUES ('07502', 'รพ.สต.บ้านเกษตรสุข', '03', '2', '99 ม.7 บ้านเกษตรสัมพันธ์', '', '07', '03', '02', '65', '', '000750200', '0', '10-1 ปฐมภูมิ', '0');
INSERT INTO `chospital2` VALUES ('07503', 'รพ.สต.บ้านห้วยตีนตั่ง', '03', '2', '362 ม.2 บ้านห้วยตีนตั่ง', '', '02', '04', '02', '65', '', '000750300', '0', '10-1 ปฐมภูมิ', '0');
INSERT INTO `chospital2` VALUES ('07504', 'รพ.สต.เนินเพิ่ม', '03', '2', 'ม.3 บ้านเพิ่มนคร', '', '14', '04', '02', '65', '', '000750400', '0', '10-1 ปฐมภูมิ', '0');
INSERT INTO `chospital2` VALUES ('07505', 'รพ.สต.นาบัว', '03', '2', 'ม.3 บ้านโนน', '', '03', '05', '02', '65', '', '000750500', '0', '10-1 ปฐมภูมิ', '0');
INSERT INTO `chospital2` VALUES ('07506', 'รพ.สต.บ้านนาคล้อ', '03', '2', 'ม.10 บ้านนาคล้อ', '', '10', '05', '02', '65', '', '000750600', '0', '10-1 ปฐมภูมิ', '0');
INSERT INTO `chospital2` VALUES ('07507', 'รพ.สต.นครชุม', '03', '2', 'ม.3 บ้านนาเมือง', '', '03', '06', '02', '65', '', '000750700', '0', '10-1 ปฐมภูมิ', '0');
INSERT INTO `chospital2` VALUES ('07508', 'รพ.สต.น้ำกุ่ม', '03', '2', 'ม.4 บ้านนาแฝก', '', '04', '07', '02', '65', '', '000750800', '0', '10-1 ปฐมภูมิ', '0');
INSERT INTO `chospital2` VALUES ('07509', 'รพ.สต.ยางโกลน', '03', '2', 'ม.4 บ้านยางโกลน', '', '04', '08', '02', '65', '', '000750900', '0', '10-1 ปฐมภูมิ', '0');
INSERT INTO `chospital2` VALUES ('07510', 'รพ.สต.บ้านบุ่งตารอด', '03', '2', 'ม.6 บ้านกกม่วง', '', '06', '08', '02', '65', '', '000751000', '0', '10-1 ปฐมภูมิ', '0');
INSERT INTO `chospital2` VALUES ('07511', 'รพ.สต.บ้านน้ำเลา', '03', '2', 'ม.2 บ้านน้ำเลา', '', '02', '09', '02', '65', '', '000751100', '0', '10-1 ปฐมภูมิ', '0');
INSERT INTO `chospital2` VALUES ('07512', 'รพ.สต.บ้านแก่งทุ่ง', '03', '2', 'ม.4 บ้านแก่งทุ่ง', '', '04', '09', '02', '65', '', '000751200', '0', '10-1 ปฐมภูมิ', '0');
INSERT INTO `chospital2` VALUES ('07513', 'รพ.สต.บ่อโพธิ์', '03', '2', 'ม.12 บ้านใหม่อนามัย', '', '12', '09', '02', '65', '', '000751300', '0', '10-1 ปฐมภูมิ', '0');
INSERT INTO `chospital2` VALUES ('07514', 'รพ.สต.บ้านพร้าว', '03', '2', 'ม.3 บ้านป่าซ่าน', '', '03', '10', '02', '65', '', '000751400', '0', '10-1 ปฐมภูมิ', '0');
INSERT INTO `chospital2` VALUES ('07515', 'รพ.สต.ห้วยเฮี้ย', '03', '2', 'ม.3 บ้านห้วยเฮี้ย', '', '03', '11', '02', '65', '', '000751500', '0', '10-1 ปฐมภูมิ', '0');
INSERT INTO `chospital2` VALUES ('07516', 'รพ.สต.ชาติตระการ', '03', '2', 'ม.3 บ้านปากรอง', '', '03', '02', '03', '65', '', '000751600', '0', '10-1 ปฐมภูมิ', '0');
INSERT INTO `chospital2` VALUES ('07517', 'รพ.สต.บ้านใหม่ไทยเจริญ', '03', '2', 'ม.12 บ้านใหม่ไทยเจริญ', '', '12', '01', '03', '65', '', '000751700', '0', '10-1 ปฐมภูมิ', '0');
INSERT INTO `chospital2` VALUES ('07518', 'รพ.สต.สวนเมี่ยง', '03', '2', 'ม.1 บ้านสวนเมี่ยง', '', '01', '03', '03', '65', '', '000751800', '0', '10-1 ปฐมภูมิ', '0');
INSERT INTO `chospital2` VALUES ('07519', 'รพ.สต.บ้านโคกใหญ่', '03', '2', 'ม.6 บ้านโคกใหญ่', '', '06', '03', '03', '65', '', '000751900', '0', '10-1 ปฐมภูมิ', '0');
INSERT INTO `chospital2` VALUES ('07520', 'รพ.สต.บ้านดง', '03', '2', 'ม.1 บ้านดง', '', '01', '04', '03', '65', '', '000752000', '0', '10-1 ปฐมภูมิ', '0');
INSERT INTO `chospital2` VALUES ('07521', 'รพ.สต.บ้านนาตาจูม', '03', '2', 'ม.6 บ้านนาตาจูม', '', '06', '04', '03', '65', '', '000752100', '0', '10-1 ปฐมภูมิ', '0');
INSERT INTO `chospital2` VALUES ('07522', 'รพ.สต.บ้านนาตอน', '03', '2', 'ม.1 บ้านนาตอน', '', '01', '05', '03', '65', '', '000752200', '0', '10-1 ปฐมภูมิ', '0');
INSERT INTO `chospital2` VALUES ('07523', 'รพ.สต.บ่อภาค', '03', '2', 'ม.4 บ้านบ่อภาคเหนือ', '', '04', '05', '03', '65', '', '000752300', '0', '10-1 ปฐมภูมิ', '0');
INSERT INTO `chospital2` VALUES ('07524', 'รพ.สต.บ้านร่มเกล้า', '03', '2', 'ม.8 บ้านร่มเกล้า', '', '08', '05', '03', '65', '', '000752400', '0', '10-1 ปฐมภูมิ', '0');
INSERT INTO `chospital2` VALUES ('07525', 'รพ.สต.ท่าสะแก', '03', '2', 'ม.4 บ้านท่าสะแก', '', '04', '06', '03', '65', '', '000752500', '0', '10-1 ปฐมภูมิ', '0');
INSERT INTO `chospital2` VALUES ('07526', 'รพ.สต.ปลักแรด', '03', '2', 'ม.1 บ้านปลักแรด', '', '01', '02', '04', '65', '', '000752600', '0', '10-1 ปฐมภูมิ', '0');
INSERT INTO `chospital2` VALUES ('07527', 'รพ.สต.บ้านดงโคกขาม', '03', '2', 'ม.2 บ้านดงโคกขาม', '', '02', '02', '04', '65', '', '000752700', '0', '10-1 ปฐมภูมิ', '0');
INSERT INTO `chospital2` VALUES ('07528', 'รพ.สต.พันเสา', '03', '2', 'ม.2 บ้านพันเสา', '', '02', '03', '04', '65', '', '000752800', '0', '10-1 ปฐมภูมิ', '0');
INSERT INTO `chospital2` VALUES ('07529', 'รพ.สต.วังอิทก', '03', '2', 'ม.2 บ้านกระทุ่มยอดน้ำ', '', '02', '04', '04', '65', '', '000752900', '0', '10-1 ปฐมภูมิ', '0');
INSERT INTO `chospital2` VALUES ('07530', 'รพ.สต.บ้านปรือกระเทียม', '03', '2', 'ม.2 บ้านปรือกระเทียม', '', '02', '05', '04', '65', '', '000753000', '0', '10-1 ปฐมภูมิ', '0');
INSERT INTO `chospital2` VALUES ('07531', 'รพ.สต.บึงกอก', '03', '2', 'ม.4 บ้านคุยมะตูม', '', '04', '05', '04', '65', '', '000753100', '0', '10-1 ปฐมภูมิ', '0');
INSERT INTO `chospital2` VALUES ('07532', 'รพ.สต.หนองกุลา', '03', '2', 'ม.4 บ้านหนองกุลา', '', '04', '06', '04', '65', '', '000753200', '0', '10-1 ปฐมภูมิ', '0');
INSERT INTO `chospital2` VALUES ('07533', 'รพ.สต.ในนิคมบางระกำ', '03', '2', 'ม.17 บ้านปลายนา', '', '17', '06', '04', '65', '', '000753300', '0', '10-1 ปฐมภูมิ', '0');
INSERT INTO `chospital2` VALUES ('07534', 'รพ.สต.บ้านหนองนา', '03', '2', 'ม.8 บ้านหนองนา', '', '08', '06', '04', '65', '', '000753400', '0', '10-1 ปฐมภูมิ', '0');
INSERT INTO `chospital2` VALUES ('07535', 'รพ.สต.บ้านหนองไผ่', '03', '2', 'ม.10 บ้านบึงผิง', '', '10', '06', '04', '65', '', '000753500', '0', '10-1 ปฐมภูมิ', '0');
INSERT INTO `chospital2` VALUES ('07536', 'รพ.สต.บ้านชุมแสง', '03', '2', 'ม.2 บ้านชุมแสง', '', '02', '07', '04', '65', '', '000753600', '0', '10-1 ปฐมภูมิ', '0');
INSERT INTO `chospital2` VALUES ('07537', 'รพ.สต.ชุมแสงสงคราม', '03', '2', 'ม.6 บ้านห้วงกระได', '', '06', '07', '04', '65', '', '000753700', '0', '10-1 ปฐมภูมิ', '0');
INSERT INTO `chospital2` VALUES ('07538', 'รพ.สต.บ้านหนองอ้อ', '03', '2', 'ม.7 บ้านหนองอ้อ', '', '07', '07', '04', '65', '', '000753800', '0', '10-1 ปฐมภูมิ', '0');
INSERT INTO `chospital2` VALUES ('07539', 'รพ.สต.นิคมพัฒนา', '03', '2', 'ม.1 บ้านทุ่งอ้ายโห้', '', '01', '08', '04', '65', '', '000753900', '0', '10-1 ปฐมภูมิ', '0');
INSERT INTO `chospital2` VALUES ('07540', 'รพ.สต.บ้านใหม่เจริญผล', '03', '2', 'ม.2 บ้านใหม่เจริญผล', '', '02', '08', '04', '65', '', '000754000', '0', '10-1 ปฐมภูมิ', '0');
INSERT INTO `chospital2` VALUES ('07541', 'รพ.สต.บ่อทอง', '03', '2', 'ม.2 บ้านบ่อทอง', '', '02', '09', '04', '65', '', '000754100', '0', '10-1 ปฐมภูมิ', '0');
INSERT INTO `chospital2` VALUES ('07542', 'รพ.สต.ท่านางงาม', '03', '2', 'ม.7 บ้านหนองปลิง', '', '07', '10', '04', '65', '', '000754200', '0', '10-1 ปฐมภูมิ', '0');
INSERT INTO `chospital2` VALUES ('07543', 'รพ.สต.บ้านดง', '03', '2', 'ม.4 บ้านดง', '', '04', '11', '04', '65', '', '000754300', '0', '10-1 ปฐมภูมิ', '0');
INSERT INTO `chospital2` VALUES ('07544', 'รพ.สต.บ้านไร่', '03', '2', 'ม.5 บ้านวัดขวาง', '', '05', '02', '05', '65', '', '000754400', '0', '10-1 ปฐมภูมิ', '0');
INSERT INTO `chospital2` VALUES ('07545', 'รพ.สต.บ้านวังตาบัว', '03', '2', 'ม.7 บ้านโฉงกลาง', '', '07', '03', '05', '65', '', '000754500', '0', '10-1 ปฐมภูมิ', '0');
INSERT INTO `chospital2` VALUES ('07546', 'รพ.สต.โคกสลุด', '03', '2', '83 ม.10 บ้านโคกสลุด', '', '10', '03', '05', '65', '', '000754600', '0', '10-1 ปฐมภูมิ', '0');
INSERT INTO `chospital2` VALUES ('07547', 'รพ.สต.สนามคลี', '03', '2', 'ม.5 บ้านสนามคลี', '', '05', '04', '05', '65', '', '000754700', '0', '10-1 ปฐมภูมิ', '0');
INSERT INTO `chospital2` VALUES ('07548', 'รพ.สต.ท่าตาล', '03', '2', 'ม.1 บ้านบางผี', '', '01', '05', '05', '65', '', '000754800', '0', '10-1 ปฐมภูมิ', '0');
INSERT INTO `chospital2` VALUES ('07549', 'รพ.สต.ไผ่ล้อม', '03', '2', 'ม.7 บ้านท่ามะขาม', '', '07', '06', '05', '65', '', '000754900', '0', '10-1 ปฐมภูมิ', '0');
INSERT INTO `chospital2` VALUES ('07550', 'รพ.สต.นครป่าหมาก', '03', '2', 'ม.3 บ้านสามเรือน', '', '03', '07', '05', '65', '', '000755000', '0', '10-1 ปฐมภูมิ', '0');
INSERT INTO `chospital2` VALUES ('07551', 'รพ.สต.บ้านแหลมครก', '03', '2', 'ม.10 บ้านแหลมครก', '', '10', '07', '05', '65', '', '000755100', '0', '10-1 ปฐมภูมิ', '0');
INSERT INTO `chospital2` VALUES ('07552', 'รพ.สต.เนินกุ่ม', '03', '2', '1 ม.5 บ้านเนินกุ่ม', '', '05', '08', '05', '65', '', '000755200', '0', '10-1 ปฐมภูมิ', '0');
INSERT INTO `chospital2` VALUES ('07553', 'รพ.สต.วัดตายม', '03', '2', 'ม.2 บ้านดงถ่าน', '', '02', '09', '05', '65', '', '000755300', '0', '10-1 ปฐมภูมิ', '0');
INSERT INTO `chospital2` VALUES ('07554', 'รพ.สต.ท่าช้าง', '03', '2', 'ม.6 บ้านวังมะสระ', '', '06', '02', '06', '65', '', '000755400', '0', '10-1 ปฐมภูมิ', '0');
INSERT INTO `chospital2` VALUES ('07555', 'รพ.สต.บ้านนาขุม', '03', '2', 'ม.8 บ้านนาขุม', '', '08', '02', '06', '65', '', '000755500', '0', '10-1 ปฐมภูมิ', '0');
INSERT INTO `chospital2` VALUES ('07556', 'รพ.สต.วงฆ้อง', '03', '2', 'ม.1 บ้านหนองตม', '', '01', '03', '06', '65', '', '000755600', '0', '10-1 ปฐมภูมิ', '0');
INSERT INTO `chospital2` VALUES ('07557', 'รพ.สต.บ้านวังมะด่าน', '03', '2', 'ม.9 บ้านวังมะด่าน', '', '09', '03', '06', '65', '', '000755700', '0', '10-1 ปฐมภูมิ', '0');
INSERT INTO `chospital2` VALUES ('07558', 'รพ.สต.มะตูม', '03', '2', 'ม.3 บ้านไผ่ขอน้ำ', '', '03', '04', '06', '65', '', '000755800', '0', '10-1 ปฐมภูมิ', '0');
INSERT INTO `chospital2` VALUES ('07559', 'รพ.สต.หอกลอง', '03', '2', 'ม.5 บ้านโปร่งนก', '', '05', '05', '06', '65', '', '000755900', '0', '10-1 ปฐมภูมิ', '0');
INSERT INTO `chospital2` VALUES ('07560', 'รพ.สต.ศรีภิรมย์', '03', '2', 'ม.6 บ้านห้วย', '', '06', '06', '06', '65', '', '000756000', '0', '10-1 ปฐมภูมิ', '0');
INSERT INTO `chospital2` VALUES ('07561', 'รพ.สต.ตลุกเทียม', '03', '2', 'ม.4 บ้านตลุกเทียม', '', '04', '07', '06', '65', '', '000756100', '0', '10-1 ปฐมภูมิ', '0');
INSERT INTO `chospital2` VALUES ('07562', 'รพ.สต.บ้านหนองสะแก', '03', '2', 'ม.7 บ้านหนองสะแก', '', '07', '07', '06', '65', '', '000756200', '0', '10-1 ปฐมภูมิ', '0');
INSERT INTO `chospital2` VALUES ('07563', 'รพ.สต.วังวน', '03', '2', 'ม.1 บ้านวังวน', '', '01', '08', '06', '65', '', '000756300', '0', '10-1 ปฐมภูมิ', '0');
INSERT INTO `chospital2` VALUES ('07564', 'รพ.สต.หนองแขม', '03', '2', 'ม.2 บ้านดงสมอ', '', '02', '09', '06', '65', '', '000756400', '0', '10-1 ปฐมภูมิ', '0');
INSERT INTO `chospital2` VALUES ('07565', 'รพ.สต.มะต้อง', '03', '2', 'ม.2 บ้านมะต้อง', '', '02', '10', '06', '65', '', '000756500', '0', '10-1 ปฐมภูมิ', '0');
INSERT INTO `chospital2` VALUES ('07566', 'รพ.สต.บ้านหางไหล', '03', '2', 'ม.4 บ้านหางไหล', '', '04', '10', '06', '65', '', '000756600', '0', '10-1 ปฐมภูมิ', '0');
INSERT INTO `chospital2` VALUES ('07567', 'รพ.สต.บ้านศรีเจริญ', '03', '2', 'ม.2 บ้านศรีเจริญ', '', '02', '11', '06', '65', '', '000756700', '0', '10-1 ปฐมภูมิ', '0');
INSERT INTO `chospital2` VALUES ('07568', 'รพ.สต.นิคมทุ่งสาน', '03', '2', 'ม.4 บ้านหนองมะคัง', '', '04', '11', '06', '65', '', '000756800', '0', '10-1 ปฐมภูมิ', '0');
INSERT INTO `chospital2` VALUES ('07569', 'รพ.สต.ดงประคำ', '03', '2', 'ม.6 บ้านทุ่งตาเปรี้ยว', '', '06', '12', '06', '65', '', '000756900', '0', '10-1 ปฐมภูมิ', '0');
INSERT INTO `chospital2` VALUES ('07570', 'รพ.สต.ท่างาม', '03', '2', 'ม.2 บ้านหนองปลิง', '', '02', '02', '07', '65', '', '000757000', '0', '10-1 ปฐมภูมิ', '0');
INSERT INTO `chospital2` VALUES ('07571', 'รพ.สต.ท้อแท้', '03', '2', 'ม.3 บ้านเหล่าขวัญ', '', '03', '03', '07', '65', '', '000757100', '0', '10-1 ปฐมภูมิ', '0');
INSERT INTO `chospital2` VALUES ('07572', 'รพ.สต.บ้านท้อแท้', '03', '2', 'ม.1 บ้านท้อแท้', '', '01', '02', '07', '65', '', '000757200', '0', '10-1 ปฐมภูมิ', '0');
INSERT INTO `chospital2` VALUES ('07573', 'รพ.สต.บ้านน้ำคบ', '03', '2', 'ม.5 บ้านพรมมาศ', '', '05', '04', '07', '65', '', '000757300', '0', '10-1 ปฐมภูมิ', '0');
INSERT INTO `chospital2` VALUES ('07574', 'รพ.สต.บ้านยาง', '03', '2', 'ม.6 บ้านท่าเสดาะ', '', '06', '04', '07', '65', '', '000757400', '0', '10-1 ปฐมภูมิ', '0');
INSERT INTO `chospital2` VALUES ('07575', 'รพ.สต.หินลาด', '03', '2', 'ม.3 บ้านน้อยใน', '', '03', '05', '07', '65', '', '000757500', '0', '10-1 ปฐมภูมิ', '0');
INSERT INTO `chospital2` VALUES ('07576', 'รพ.สต.บ้านท่าขอนเบน', '03', '2', 'ม.8 บ้านท่าขอนเบน', '', '08', '05', '07', '65', '', '000757600', '0', '10-1 ปฐมภูมิ', '0');
INSERT INTO `chospital2` VALUES ('07577', 'รพ.สต.คันโช้ง', '03', '2', 'ม.1 บ้านคันโช้ง', '', '01', '06', '07', '65', '', '000757700', '0', '10-1 ปฐมภูมิ', '0');
INSERT INTO `chospital2` VALUES ('07578', 'รพ.สต.บ้านห้วยเจียง', '03', '2', 'ม.3 บ้านห้วยเจียง', '', '03', '06', '07', '65', '', '000757800', '0', '10-1 ปฐมภูมิ', '0');
INSERT INTO `chospital2` VALUES ('07579', 'รพ.สต.พันชาลี', '03', '2', 'ม.2 บ้านพันชาลี ', '', '02', '02', '08', '65', '', '000757900', '0', '10-1 ปฐมภูมิ', '0');
INSERT INTO `chospital2` VALUES ('07580', 'รพ.สต.บ้านสุพรรณพนมทอง', '03', '2', 'ม.8 บ้านสุพรรณพนมทอง', '', '08', '02', '08', '65', '', '000758000', '0', '10-1 ปฐมภูมิ', '0');
INSERT INTO `chospital2` VALUES ('07581', 'รพ.สต.แม่ระกา', '03', '2', 'ม.2 บ้านแม่ระกา', '', '02', '03', '08', '65', '', '000758100', '0', '10-1 ปฐมภูมิ', '0');
INSERT INTO `chospital2` VALUES ('07582', 'รพ.สต.บ้านวังน้ำใส', '03', '2', 'ม.8 บ้านวังน้ำใส', '', '08', '03', '08', '65', '', '000758200', '0', '10-1 ปฐมภูมิ', '0');
INSERT INTO `chospital2` VALUES ('07583', 'รพ.สต.บ้านหนองปรือ', '03', '2', 'ม.1บ้านหนองปรือ', '', '01', '04', '08', '65', '', '000758300', '0', '10-1 ปฐมภูมิ', '0');
INSERT INTO `chospital2` VALUES ('07584', 'สอ.เฉลิมพระเกียรติ 60 พรรษา นวมินทราชินี จ.พิษณุโลก', '03', '2', 'ม.4 บ้านเนินสว่าง', '', '04', '04', '08', '65', '', '000758400', '0', '10-1 ปฐมภูมิ', '0');
INSERT INTO `chospital2` VALUES ('07585', 'รพ.สต.บ้านใหม่ชัยเจริญ', '03', '2', 'ม.6 บ้านใหม่ชัยเจริญ', '', '06', '04', '08', '65', '', '000758500', '0', '10-1 ปฐมภูมิ', '0');
INSERT INTO `chospital2` VALUES ('07586', 'รพ.สต.วังพิกุล', '03', '2', 'ม.4 บ้านคลองเป็ด', '', '04', '05', '08', '65', '', '000758600', '0', '10-1 ปฐมภูมิ', '0');
INSERT INTO `chospital2` VALUES ('07587', 'รพ.สต.บ้านดงพลวง', '03', '2', 'ม.7 บ้านดงพลวง', '', '07', '05', '08', '65', '', '000758700', '0', '10-1 ปฐมภูมิ', '0');
INSERT INTO `chospital2` VALUES ('07588', 'รพ.สต.แก่งโสภา', '03', '2', 'ม.7 บ้านทรัพย์ไพรวัลย์', '', '07', '06', '08', '65', '', '000758800', '0', '10-1 ปฐมภูมิ', '0');
INSERT INTO `chospital2` VALUES ('07589', 'รพ.สต.ท่าหมื่นราม', '03', '2', 'ม.1 บ้านท่าหมื่นราม', '', '01', '07', '08', '65', '', '000758900', '0', '10-1 ปฐมภูมิ', '0');
INSERT INTO `chospital2` VALUES ('07590', 'รพ.สต.บ้านหนองเตาอิฐ', '03', '2', 'ม.3 บ้านหนองเตาอิฐ', '', '03', '07', '08', '65', '', '000759000', '0', '10-1 ปฐมภูมิ', '0');
INSERT INTO `chospital2` VALUES ('07591', 'รพ.สต.วังนกแอ่น', '03', '2', 'ม.6 บ้านวังกระบาก', '', '06', '08', '08', '65', '', '000759100', '0', '10-1 ปฐมภูมิ', '0');
INSERT INTO `chospital2` VALUES ('07592', 'รพ.สต.บ้านน้ำพรม', '03', '2', 'ม.16 บ้านปากน้ำปอย', '', '16', '08', '08', '65', '', '000759200', '0', '10-1 ปฐมภูมิ', '0');
INSERT INTO `chospital2` VALUES ('07593', 'รพ.สต.บ้านไผ่ใหญ่', '03', '2', 'ม.10 บ้านไผ่ใหญ่', '', '10', '08', '08', '65', '', '000759300', '0', '10-1 ปฐมภูมิ', '0');
INSERT INTO `chospital2` VALUES ('07594', 'รพ.สต.หนองพระ', '03', '2', 'ม.3 บ้านหนองพระ', '', '03', '09', '08', '65', '', '000759400', '0', '10-1 ปฐมภูมิ', '0');
INSERT INTO `chospital2` VALUES ('07595', 'รพ.สต.ชัยนาม', '03', '2', 'ม.3 บ้านบึงพร้าว', '', '03', '10', '08', '65', '', '000759500', '0', '10-1 ปฐมภูมิ', '0');
INSERT INTO `chospital2` VALUES ('07596', 'รพ.สต.ดินทอง', '03', '2', 'ม.3 บ้านดินทอง', '', '03', '11', '08', '65', '', '000759600', '0', '10-1 ปฐมภูมิ', '0');
INSERT INTO `chospital2` VALUES ('07597', 'รพ.สต.บ้านน้ำปาด', '03', '2', 'ม.2 บ้านน้ำปาด', '', '02', '01', '09', '65', '', '000759700', '0', '10-1 ปฐมภูมิ', '0');
INSERT INTO `chospital2` VALUES ('07598', 'รพ.สต.ชมพู', '03', '2', 'ม.4 บ้านซำรัง', '', '04', '01', '09', '65', '', '000759800', '0', '10-1 ปฐมภูมิ', '0');
INSERT INTO `chospital2` VALUES ('07599', 'รพ.สต.บ้านรักไทย', '03', '2', 'ม.7 บ้านรักไทย', '', '07', '01', '09', '65', '', '000759900', '0', '10-1 ปฐมภูมิ', '0');
INSERT INTO `chospital2` VALUES ('07600', 'รพ.สต.บ้านมุง', '03', '2', 'ม.2 บ้านมุงใต้', '', '02', '02', '09', '65', '', '000760000', '0', '10-1 ปฐมภูมิ', '0');
INSERT INTO `chospital2` VALUES ('07601', 'รพ.สต.บ้านหนองขมิ้น', '03', '2', 'ม.2 บ้านหนองขมิ้น', '', '02', '03', '09', '65', '', '000760100', '0', '10-1 ปฐมภูมิ', '0');
INSERT INTO `chospital2` VALUES ('07602', 'รพ.สต.ไทรย้อย', '03', '2', 'ม.6 บ้านโคก', '', '06', '03', '09', '65', '', '000760200', '0', '10-1 ปฐมภูมิ', '0');
INSERT INTO `chospital2` VALUES ('07603', 'รพ.สต.บ้านทุ่งยาว', '03', '2', 'ม.1 บ้านทุ่งยาว', '', '01', '04', '09', '65', '', '000760300', '0', '10-1 ปฐมภูมิ', '0');
INSERT INTO `chospital2` VALUES ('07604', 'รพ.สต.วังโพรง', '03', '2', 'ม.4 บ้านวังโพรง', '', '04', '04', '09', '65', '', '000760400', '0', '10-1 ปฐมภูมิ', '0');
INSERT INTO `chospital2` VALUES ('07605', 'รพ.สต.บ้านโปร่งไผ่', '03', '2', 'ม.3 บ้านโปร่งไผ่', '', '03', '05', '09', '65', '', '000760500', '0', '10-1 ปฐมภูมิ', '0');
INSERT INTO `chospital2` VALUES ('07606', 'รพ.สต.บ้านน้อยซุ้มขี้เหล็ก', '03', '2', 'ม.6 บ้านผาท่าพล', '', '06', '05', '09', '65', '', '000760600', '0', '10-1 ปฐมภูมิ', '0');
INSERT INTO `chospital2` VALUES ('07607', 'รพ.สต.วังยาง', '03', '2', 'ม.6 บ้านวังยาง', '', '06', '07', '09', '65', '', '000760700', '0', '10-1 ปฐมภูมิ', '0');
INSERT INTO `chospital2` VALUES ('07711', 'รพ.สต.ตะเบาะ ตำบลตะเบาะ', '03', '2', '', '', '04', '02', '01', '67', '', '000771100', '0', '10-1 ปฐมภูมิ', '0');
INSERT INTO `chospital2` VALUES ('07712', 'รพ.สต.บ้านพี้ ตำบลบ้านโตก', '03', '2', '', '', '05', '03', '01', '67', '', '000771200', '0', '10-1 ปฐมภูมิ', '0');
INSERT INTO `chospital2` VALUES ('07713', 'รพ.สต.พนานิคม ตำบลบ้านโตก', '03', '2', '', '', '01', '03', '01', '67', '', '000771300', '0', '10-1 ปฐมภูมิ', '0');
INSERT INTO `chospital2` VALUES ('07714', 'รพ.สต.สะเดียง  ตำบลสะเดียง', '03', '2', '', '', '12', '04', '01', '67', '', '000771400', '0', '10-1 ปฐมภูมิ', '0');
INSERT INTO `chospital2` VALUES ('07715', 'รพ.สต.ป่าแดง ตำบลป่าเลา', '03', '2', '', '', '12', '05', '01', '67', '', '000771500', '0', '10-1 ปฐมภูมิ', '0');
INSERT INTO `chospital2` VALUES ('07716', 'รพ.สต.บ้านพลำ ตำบลป่าเลา', '03', '2', '', '', '09', '05', '01', '67', '', '000771600', '0', '10-1 ปฐมภูมิ', '0');
INSERT INTO `chospital2` VALUES ('07717', 'รพ.สต.นางั่ว ตำบลนางั่ว', '03', '2', '', '', '02', '06', '01', '67', '', '000771700', '0', '10-1 ปฐมภูมิ', '0');
INSERT INTO `chospital2` VALUES ('07718', 'รพ.สต.ท่าพล ตำบลท่าพล', '03', '2', '', '', '13', '07', '01', '67', '', '000771800', '0', '10-1 ปฐมภูมิ', '0');
INSERT INTO `chospital2` VALUES ('07719', 'รพ.สต.วังซอง ตำบลท่าพล', '03', '2', '', '', '16', '07', '01', '67', '', '000771900', '0', '10-1 ปฐมภูมิ', '0');
INSERT INTO `chospital2` VALUES ('07720', 'รพ.สต.ดงมูลเหล็ก ตำบลดงมูลเหล็ก', '03', '2', '', '', '02', '08', '01', '67', '', '000772000', '0', '10-1 ปฐมภูมิ', '0');
INSERT INTO `chospital2` VALUES ('07721', 'รพ.สต.บ้านโคก ตำบลบ้านโคก', '03', '2', '', '', '02', '09', '01', '67', '', '000772100', '0', '10-1 ปฐมภูมิ', '0');
INSERT INTO `chospital2` VALUES ('07722', 'รพ.สต.กงกะยาง ตำบลบ้านโคก', '03', '2', '', '', '04', '09', '01', '67', '', '000772200', '0', '10-1 ปฐมภูมิ', '0');
INSERT INTO `chospital2` VALUES ('07723', 'รพ.สต.ชอนไพร ตำบลชอนไพร', '03', '2', '', '', '03', '10', '01', '67', '', '000772300', '0', '10-1 ปฐมภูมิ', '0');
INSERT INTO `chospital2` VALUES ('07724', 'รพ.สต.นาป่า   ตำบลนาป่า', '03', '2', '', '', '14', '11', '01', '67', '', '000772400', '0', '10-1 ปฐมภูมิ', '0');
INSERT INTO `chospital2` VALUES ('07725', 'รพ.สต.หนองผักบุ้ง ตำบลนายม', '03', '2', '', '', '01', '12', '01', '67', '', '000772500', '0', '10-1 ปฐมภูมิ', '0');
INSERT INTO `chospital2` VALUES ('07726', 'รพ.สต.ถ้ำน้ำบัง ตำบลนายม', '03', '2', '', '', '08', '12', '01', '67', '', '000772600', '0', '10-1 ปฐมภูมิ', '0');
INSERT INTO `chospital2` VALUES ('07727', 'รพ.สต.วังชมภู    ตำบลวังชมภู', '03', '2', '', '', '11', '13', '01', '67', '', '000772700', '0', '10-1 ปฐมภูมิ', '0');
INSERT INTO `chospital2` VALUES ('07728', 'รพ.สต.น้ำร้อน ตำบลน้ำร้อน', '03', '2', '', '', '05', '14', '01', '67', '', '000772800', '0', '10-1 ปฐมภูมิ', '0');
INSERT INTO `chospital2` VALUES ('07729', 'รพ.สต.ห้วยสะแก ตำบลห้วยสะแก', '03', '2', '', '', '05', '15', '01', '67', '', '000772900', '0', '10-1 ปฐมภูมิ', '0');
INSERT INTO `chospital2` VALUES ('07730', 'รพ.สต.ห้วยใหญ่ ตำบลห้วยใหญ่', '03', '2', '', '', '02', '16', '01', '67', '', '000773000', '0', '10-1 ปฐมภูมิ', '0');
INSERT INTO `chospital2` VALUES ('07731', 'รพ.สต.โป่งหว้า   ตำบลห้วยใหญ่', '03', '2', '', '', '04', '16', '01', '67', '', '000773100', '0', '10-1 ปฐมภูมิ', '0');
INSERT INTO `chospital2` VALUES ('07732', 'รพ.สต.ยางลาด ตำบลระวิง', '03', '2', '', '', '01', '17', '01', '67', '', '000773200', '0', '10-1 ปฐมภูมิ', '0');
INSERT INTO `chospital2` VALUES ('07733', 'รพ.สต.ระวิง ตำบลระวิง', '03', '2', '', '', '04', '17', '01', '67', '', '000773300', '0', '10-1 ปฐมภูมิ', '0');
INSERT INTO `chospital2` VALUES ('07734', 'รพ.สต.บุ่งคล้า    ตำบลดงขุย', '03', '2', '', '', '01', '02', '02', '67', '', '000773400', '0', '10-1 ปฐมภูมิ', '0');
INSERT INTO `chospital2` VALUES ('07735', 'รพ.สต.หนองโก ตำบลท่าข้าม', '03', '2', '', '', '06', '03', '02', '67', '', '000773500', '0', '10-1 ปฐมภูมิ', '0');
INSERT INTO `chospital2` VALUES ('07736', 'สอ.เฉลิมพระเกียรติ 2530 น้ำลัด ตำบลพุทธบาท', '03', '2', '', '', '03', '04', '02', '67', '', '000773600', '0', '10-1 ปฐมภูมิ', '0');
INSERT INTO `chospital2` VALUES ('07737', 'รพ.สต.ห้วยงาช้าง ตำบลพุทธบาท', '03', '2', '', '', '04', '04', '02', '67', '', '000773700', '0', '10-1 ปฐมภูมิ', '0');
INSERT INTO `chospital2` VALUES ('07738', 'รพ.สต.เขาแม่แก่ ตำบลลาดแค', '03', '2', '', '', '03', '05', '02', '67', '', '000773800', '0', '10-1 ปฐมภูมิ', '0');
INSERT INTO `chospital2` VALUES ('07739', 'รพ.สต.ลาดแค ตำบลลาดแค', '03', '2', '', '', '05', '05', '02', '67', '', '000773900', '0', '10-1 ปฐมภูมิ', '0');
INSERT INTO `chospital2` VALUES ('07740', 'รพ.สต.หนองใหญ่ ตำบลลาดแค', '03', '2', '', '', '08', '05', '02', '67', '', '000774000', '0', '10-1 ปฐมภูมิ', '0');
INSERT INTO `chospital2` VALUES ('07741', 'รพ.สต.โคกสำราญ ตำบลบ้านกล้วย', '03', '2', '', '', '10', '06', '02', '67', '', '000774100', '0', '10-1 ปฐมภูมิ', '0');
INSERT INTO `chospital2` VALUES ('07742', 'รพ.สต.ซับพุทรา ตำบลซับพุทรา', '03', '2', '', '', '06', '08', '02', '67', '', '000774200', '0', '10-1 ปฐมภูมิ', '0');
INSERT INTO `chospital2` VALUES ('07743', 'รพ.สต.ตะกุดไร ตำบลตะกุดไร', '03', '2', '', '', '07', '09', '02', '67', '', '000774300', '0', '10-1 ปฐมภูมิ', '0');
INSERT INTO `chospital2` VALUES ('07744', 'รพ.สต.ศาลาลาย ตำบลศาลาลาย', '03', '2', '', '', '10', '10', '02', '67', '', '000774400', '0', '10-1 ปฐมภูมิ', '0');
INSERT INTO `chospital2` VALUES ('07745', 'รพ.สต.ท่ามะกล้วย ตำบลวัดป่า', '03', '2', '', '', '03', '02', '03', '67', '', '000774500', '0', '10-1 ปฐมภูมิ', '0');
INSERT INTO `chospital2` VALUES ('07746', 'รพ.สต.ท่าช้าง ตำบลตาลเดี่ยว', '03', '2', '', '', '05', '03', '03', '67', '', '000774600', '0', '10-1 ปฐมภูมิ', '0');
INSERT INTO `chospital2` VALUES ('07747', 'รพ.สต.ฝายนาแซง ตำบลฝายนาแซง', '03', '2', '', '', '02', '04', '03', '67', '', '000774700', '0', '10-1 ปฐมภูมิ', '0');
INSERT INTO `chospital2` VALUES ('07748', 'รพ.สต.หนองสว่าง ตำบลหนองสว่าง', '03', '2', '', '', '02', '05', '03', '67', '', '000774800', '0', '10-1 ปฐมภูมิ', '0');
INSERT INTO `chospital2` VALUES ('07749', 'รพ.สต.น้ำเฮี้ย ตำบลน้ำเฮี้ย', '03', '2', '', '', '02', '06', '03', '67', '', '000774900', '0', '10-1 ปฐมภูมิ', '0');
INSERT INTO `chospital2` VALUES ('07750', 'รพ.สต.หนองบัว ตำบลสักหลง', '03', '2', '', '', '11', '07', '03', '67', '', '000775000', '0', '10-1 ปฐมภูมิ', '0');
INSERT INTO `chospital2` VALUES ('07751', 'รพ.สต.วังมล ตำบลท่าอิบุญ', '03', '2', '', '', '04', '08', '03', '67', '', '000775100', '0', '10-1 ปฐมภูมิ', '0');
INSERT INTO `chospital2` VALUES ('07752', 'รพ.สต.บ้านโสก ตำบลบ้านโสก', '03', '2', '', '', '02', '09', '03', '67', '', '000775200', '0', '10-1 ปฐมภูมิ', '0');
INSERT INTO `chospital2` VALUES ('07753', 'รพ.สต.กกเดื่อ ตำบลบ้านติ้ว', '03', '2', '', '', '02', '10', '03', '67', '', '000775300', '0', '10-1 ปฐมภูมิ', '0');
INSERT INTO `chospital2` VALUES ('07754', 'รพ.สต.บ้านติ้ว ตำบลบ้านติ้ว', '03', '2', '', '', '04', '10', '03', '67', '', '000775400', '0', '10-1 ปฐมภูมิ', '0');
INSERT INTO `chospital2` VALUES ('07755', 'รพ.สต.วังร่อง ตำบลห้วยไร่', '03', '2', '', '', '09', '11', '03', '67', '', '000775500', '0', '10-1 ปฐมภูมิ', '0');
INSERT INTO `chospital2` VALUES ('07756', 'รพ.สต.น้ำก้อ ตำบลน้ำก้อ', '03', '2', '', '', '05', '12', '03', '67', '', '000775600', '0', '10-1 ปฐมภูมิ', '0');
INSERT INTO `chospital2` VALUES ('07757', 'รพ.สต.น้ำดุก ตำบลปากช่อง', '03', '2', '', '', '03', '13', '03', '67', '', '000775700', '0', '10-1 ปฐมภูมิ', '0');
INSERT INTO `chospital2` VALUES ('07758', 'รพ.สต.วังยาว ตำบลปากช่อง', '03', '2', '', '', '06', '13', '03', '67', '', '000775800', '0', '10-1 ปฐมภูมิ', '0');
INSERT INTO `chospital2` VALUES ('07759', 'รพ.สต.ห้วยระหงษ์ ตำบลปากช่อง', '03', '2', '', '', '07', '13', '03', '67', '', '000775900', '0', '10-1 ปฐมภูมิ', '0');
INSERT INTO `chospital2` VALUES ('07760', 'รพ.สต.น้ำชุนใหญ่ ตำบลน้ำชุน', '03', '2', '', '', '02', '14', '03', '67', '', '000776000', '0', '10-1 ปฐมภูมิ', '0');
INSERT INTO `chospital2` VALUES ('07761', 'รพ.สต.ดงขวาง ตำบลน้ำชุน', '03', '2', '', '', '06', '14', '03', '67', '', '000776100', '0', '10-1 ปฐมภูมิ', '0');
INSERT INTO `chospital2` VALUES ('07762', 'รพ.สต.หนองไขว่ ตำบลหนองไขว่', '03', '2', '', '', '04', '15', '03', '67', '', '000776200', '0', '10-1 ปฐมภูมิ', '0');
INSERT INTO `chospital2` VALUES ('07763', 'รพ.สต.ลานบ่า ตำบลลานบ่า', '03', '2', '', '', '06', '16', '03', '67', '', '000776300', '0', '10-1 ปฐมภูมิ', '0');
INSERT INTO `chospital2` VALUES ('07764', 'รพ.สต.บ้านหัวนา ตำบลบุ่งคล้า', '03', '2', '', '', '04', '17', '03', '67', '', '000776400', '0', '10-1 ปฐมภูมิ', '0');
INSERT INTO `chospital2` VALUES ('07765', 'รพ.สต.หนองคัน ตำบลบุ่งคล้า', '03', '2', '', '', '12', '17', '03', '67', '', '000776500', '0', '10-1 ปฐมภูมิ', '0');
INSERT INTO `chospital2` VALUES ('07766', 'รพ.สต.บุ่งน้ำเต้า ตำบลบุ่งน้ำเต้า', '03', '2', '', '', '01', '18', '03', '67', '', '000776600', '0', '10-1 ปฐมภูมิ', '0');
INSERT INTO `chospital2` VALUES ('07767', 'รพ.สต.ธารทิพย์ ตำบลบุ่งน้ำเต้า', '03', '2', '', '', '10', '18', '03', '67', '', '000776700', '0', '10-1 ปฐมภูมิ', '0');
INSERT INTO `chospital2` VALUES ('07768', 'รพ.สต.บ้านกลาง ตำบลบ้านกลาง', '03', '2', '', '', '03', '19', '03', '67', '', '000776800', '0', '10-1 ปฐมภูมิ', '0');
INSERT INTO `chospital2` VALUES ('07769', 'รพ.สต.ช้างตะลูด ตำบลช้างตะลูด', '03', '2', '', '', '11', '20', '03', '67', '', '000776900', '0', '10-1 ปฐมภูมิ', '0');
INSERT INTO `chospital2` VALUES ('07770', 'รพ.สต.ดงน้อย ตำบลช้างตะลูด', '03', '2', '', '', '08', '20', '03', '67', '', '000777000', '0', '10-1 ปฐมภูมิ', '0');
INSERT INTO `chospital2` VALUES ('07771', 'รพ.สต.บ้านไร่ ตำบลบ้านไร่', '03', '2', '', '', '01', '21', '03', '67', '', '000777100', '0', '10-1 ปฐมภูมิ', '0');
INSERT INTO `chospital2` VALUES ('07772', 'รพ.สต.ปากดุก ตำบลปากดุก', '03', '2', '', '', '06', '22', '03', '67', '', '000777200', '0', '10-1 ปฐมภูมิ', '0');
INSERT INTO `chospital2` VALUES ('07773', 'รพ.สต.นาซำ ตำบลนาซำ', '03', '2', '', '', '06', '02', '04', '67', '', '000777300', '0', '10-1 ปฐมภูมิ', '0');
INSERT INTO `chospital2` VALUES ('07774', 'รพ.สต.หนองยาว ตำบลหินฮาว', '03', '2', '', '', '01', '03', '04', '67', '', '000777400', '0', '10-1 ปฐมภูมิ', '0');
INSERT INTO `chospital2` VALUES ('07775', 'รพ.สต.หินฮาว ตำบลหินฮาว', '03', '2', '', '', '03', '03', '04', '67', '', '000777500', '0', '10-1 ปฐมภูมิ', '0');
INSERT INTO `chospital2` VALUES ('07776', 'รพ.สต.ท่าผู ตำบลหินฮาว', '03', '2', '', '', '06', '03', '04', '67', '', '000777600', '0', '10-1 ปฐมภูมิ', '0');
INSERT INTO `chospital2` VALUES ('07777', 'รพ.สต.บ้านเนิน ตำบลบ้านเนิน', '03', '2', '', '', '02', '04', '04', '67', '', '000777700', '0', '10-1 ปฐมภูมิ', '0');
INSERT INTO `chospital2` VALUES ('07778', 'รพ.สต.อุ่มกะทาด  ตำบลศิลา', '03', '2', '', '', '03', '05', '04', '67', '', '000777800', '0', '10-1 ปฐมภูมิ', '0');
INSERT INTO `chospital2` VALUES ('07779', 'รพ.สต.สงเปลือย ตำบลศิลา', '03', '2', '', '', '08', '05', '04', '67', '', '000777900', '0', '10-1 ปฐมภูมิ', '0');
INSERT INTO `chospital2` VALUES ('07780', 'รพ.สต.ห้วยมะยม ตำบลนาแซง', '03', '2', '', '', '06', '06', '04', '67', '', '000778000', '0', '10-1 ปฐมภูมิ', '0');
INSERT INTO `chospital2` VALUES ('07781', 'รพ.สต.วังบาล ตำบลวังบาล', '03', '2', '', '', '10', '07', '04', '67', '', '000778100', '0', '10-1 ปฐมภูมิ', '0');
INSERT INTO `chospital2` VALUES ('07782', 'รพ.สต.ห้วยหอย ตำบลวังบาล', '03', '2', '', '', '13', '07', '04', '67', '', '000778200', '0', '10-1 ปฐมภูมิ', '0');
INSERT INTO `chospital2` VALUES ('07783', 'รพ.สต.ทับเบิก ตำบลวังบาล', '03', '2', '', '', '16', '07', '04', '67', '', '000778300', '0', '10-1 ปฐมภูมิ', '0');
INSERT INTO `chospital2` VALUES ('07784', 'รพ.สต.นาเกาะ ตำบลนาเกาะ', '03', '2', '', '', '02', '08', '04', '67', '', '000778400', '0', '10-1 ปฐมภูมิ', '0');
INSERT INTO `chospital2` VALUES ('07785', 'รพ.สต.วังขอน ตำบลตาดกลอย', '03', '2', '', '', '01', '09', '04', '67', '', '000778500', '0', '10-1 ปฐมภูมิ', '0');
INSERT INTO `chospital2` VALUES ('07786', 'รพ.สต.ตาดกลอย ตำบลตาดกลอย', '03', '2', '', '', '03', '09', '04', '67', '', '000778600', '0', '10-1 ปฐมภูมิ', '0');
INSERT INTO `chospital2` VALUES ('07787', 'รพ.สต.นาไร่เดียว ตำบลท่าโรง', '03', '2', '', '', '10', '01', '05', '67', '', '000778700', '0', '10-1 ปฐมภูมิ', '0');
INSERT INTO `chospital2` VALUES ('07788', 'รพ.สต.ท่าโรง ตำบลท่าโรง', '03', '2', '', '', '16', '01', '05', '67', '', '000778800', '0', '10-1 ปฐมภูมิ', '0');
INSERT INTO `chospital2` VALUES ('07789', 'รพ.สต.แก่งหินปูน ตำบลสามแยก', '03', '2', '', '', '05', '03', '05', '67', '', '000778900', '0', '10-1 ปฐมภูมิ', '0');
INSERT INTO `chospital2` VALUES ('07790', 'รพ.สต.โคกปรง ตำบลโคกปรง', '03', '2', '', '', '09', '04', '05', '67', '', '000779000', '0', '10-1 ปฐมภูมิ', '0');
INSERT INTO `chospital2` VALUES ('07791', 'รพ.สต.น้ำร้อน ตำบลน้ำร้อน', '03', '2', '', '', '01', '05', '05', '67', '', '000779100', '0', '10-1 ปฐมภูมิ', '0');
INSERT INTO `chospital2` VALUES ('07792', 'รพ.สต.บ่อรัง ตำบลบ่อรัง', '03', '2', '', '', '02', '06', '05', '67', '', '000779200', '0', '10-1 ปฐมภูมิ', '0');
INSERT INTO `chospital2` VALUES ('07793', 'รพ.สต.วังไผ่ ตำบลบ่อรัง', '03', '2', '', '', '07', '06', '05', '67', '', '000779300', '0', '10-1 ปฐมภูมิ', '0');
INSERT INTO `chospital2` VALUES ('07794', 'รพ.สต.พุเตย ตำบลพุเตย', '03', '2', '', '', '04', '07', '05', '67', '', '000779400', '0', '10-1 ปฐมภูมิ', '0');
INSERT INTO `chospital2` VALUES ('07795', 'รพ.สต.พุขาม ตำบลพุขาม', '03', '2', '', '', '05', '08', '05', '67', '', '000779500', '0', '10-1 ปฐมภูมิ', '0');
INSERT INTO `chospital2` VALUES ('07796', 'รพ.สต.รวมทรัพย์ ตำบลภูน้ำหยด', '03', '2', '', '', '06', '09', '05', '67', '', '000779600', '0', '10-1 ปฐมภูมิ', '0');
INSERT INTO `chospital2` VALUES ('07797', 'รพ.สต.ยางจ่า ตำบลภูน้ำหยด', '03', '2', '', '', '12', '09', '05', '67', '', '000779700', '0', '10-1 ปฐมภูมิ', '0');
INSERT INTO `chospital2` VALUES ('07798', 'รพ.สต.โพทะเล ตำบลซับสมบูรณ์', '03', '2', '', '', '02', '10', '05', '67', '', '000779800', '0', '10-1 ปฐมภูมิ', '0');
INSERT INTO `chospital2` VALUES ('07799', 'รพ.สต.บึงกระจับ ตำบลบึงกระจับ', '03', '2', '', '', '04', '11', '05', '67', '', '000779900', '0', '10-1 ปฐมภูมิ', '0');
INSERT INTO `chospital2` VALUES ('07800', 'รพ.สต.วังใหญ่ ตำบลวังใหญ่', '03', '2', '', '', '01', '12', '05', '67', '', '000780000', '0', '10-1 ปฐมภูมิ', '0');
INSERT INTO `chospital2` VALUES ('07801', 'รพ.สต.โนนสง่า ตำบลยางสาว', '03', '2', '', '', '02', '13', '05', '67', '', '000780100', '0', '10-1 ปฐมภูมิ', '0');
INSERT INTO `chospital2` VALUES ('07802', 'รพ.สต.ซับน้อย ตำบลซับน้อย', '03', '2', '', '', '01', '14', '05', '67', '', '000780200', '0', '10-1 ปฐมภูมิ', '0');
INSERT INTO `chospital2` VALUES ('07803', 'รพ.สต.นาตระกรุด ตำบลศรีเทพ', '03', '2', '', '', '02', '01', '06', '67', '', '000780300', '0', '10-1 ปฐมภูมิ', '0');
INSERT INTO `chospital2` VALUES ('07804', 'รพ.สต.ทุ่งเศรษฐี ตำบลสระกรวด', '03', '2', '', '', '10', '02', '06', '67', '', '000780400', '0', '10-1 ปฐมภูมิ', '0');
INSERT INTO `chospital2` VALUES ('07805', 'รพ.สต.เกาะแก้ว ตำบลคลองกระจัง', '03', '2', '', '', '06', '03', '06', '67', '', '000780500', '0', '10-1 ปฐมภูมิ', '0');
INSERT INTO `chospital2` VALUES ('07806', 'รพ.สต.วังขอน ตำบลคลองกระจัง', '03', '2', '', '', '10', '03', '06', '67', '', '000780600', '0', '10-1 ปฐมภูมิ', '0');
INSERT INTO `chospital2` VALUES ('07807', 'รพ.สต.นาสนุ่น ตำบลนาสนุ่น', '03', '2', '', '', '04', '04', '06', '67', '', '000780700', '0', '10-1 ปฐมภูมิ', '0');
INSERT INTO `chospital2` VALUES ('07808', 'รพ.สต.นาน้ำโครม ตำบลนาน้ำโครม', '03', '2', '', '', '05', '08', '06', '67', '', '000780800', '0', '10-1 ปฐมภูมิ', '0');
INSERT INTO `chospital2` VALUES ('07809', 'รพ.สต.โคกสะอาด ตำบลโคกสะอาด', '03', '2', '', '', '01', '05', '06', '67', '', '000780900', '0', '10-1 ปฐมภูมิ', '0');
INSERT INTO `chospital2` VALUES ('07810', 'รพ.สต.หนองย่างทอย ตำบลหนองย่างทอย', '03', '2', '', '', '03', '06', '06', '67', '', '000781000', '0', '10-1 ปฐมภูมิ', '0');
INSERT INTO `chospital2` VALUES ('07811', 'รพ.สต.สันติธรรม ตำบลประดู่งาม', '03', '2', '', '', '04', '07', '06', '67', '', '000781100', '0', '10-1 ปฐมภูมิ', '0');
INSERT INTO `chospital2` VALUES ('07812', 'รพ.สต.กองทูล ตำบลกองทูล', '03', '2', '', '', '02', '01', '07', '67', '', '000781200', '0', '10-1 ปฐมภูมิ', '0');
INSERT INTO `chospital2` VALUES ('07813', 'รพ.สต.นาเฉลียง ตำบลนาเฉลียง', '03', '2', '', '', '03', '02', '07', '67', '', '000781300', '0', '10-1 ปฐมภูมิ', '0');
INSERT INTO `chospital2` VALUES ('07814', 'รพ.สต.บ้านโภชน์ ตำบลบ้านโภชน์', '03', '2', '', '', '11', '03', '07', '67', '', '000781400', '0', '10-1 ปฐมภูมิ', '0');
INSERT INTO `chospital2` VALUES ('07815', 'รพ.สต.โคกสูง ตำบลท่าแดง', '03', '2', '', '', '07', '04', '07', '67', '', '000781500', '0', '10-1 ปฐมภูมิ', '0');
INSERT INTO `chospital2` VALUES ('07816', 'รพ.สต.เพชรละคร ตำบลเพชรละคร', '03', '2', '', '', '02', '05', '07', '67', '', '000781600', '0', '10-1 ปฐมภูมิ', '0');
INSERT INTO `chospital2` VALUES ('07817', 'รพ.สต.บ่อไทย ตำบลบ่อไทย', '03', '2', '', '', '05', '06', '07', '67', '', '000781700', '0', '10-1 ปฐมภูมิ', '0');
INSERT INTO `chospital2` VALUES ('07818', 'รพ.สต.ห้วยโป่ง ตำบลห้วยโป่ง', '03', '2', '', '', '04', '07', '07', '67', '', '000781800', '0', '10-1 ปฐมภูมิ', '0');
INSERT INTO `chospital2` VALUES ('07819', 'รพ.สต.บ้านกลาง ตำบลวังท่าดี', '03', '2', '', '', '03', '08', '07', '67', '', '000781900', '0', '10-1 ปฐมภูมิ', '0');
INSERT INTO `chospital2` VALUES ('07820', 'รพ.สต.บัววัฒนา ตำบลบัววัฒนา', '03', '2', '', '', '01', '09', '07', '67', '', '000782000', '0', '10-1 ปฐมภูมิ', '0');
INSERT INTO `chospital2` VALUES ('07821', 'รพ.สต.อิสานสามัคคี ตำบลวังโบสถ์', '03', '2', '', '', '08', '11', '07', '67', '', '000782100', '0', '10-1 ปฐมภูมิ', '0');
INSERT INTO `chospital2` VALUES ('07822', 'รพ.สต.ยางงาม ตำบลยางงาม', '03', '2', '', '', '02', '12', '07', '67', '', '000782200', '0', '10-1 ปฐมภูมิ', '0');
INSERT INTO `chospital2` VALUES ('07823', 'รพ.สต.ท่าด้วง ตำบลท่าด้วง', '03', '2', '', '', '03', '13', '07', '67', '', '000782300', '0', '10-1 ปฐมภูมิ', '0');
INSERT INTO `chospital2` VALUES ('07824', 'รพ.สต.ราหุล ตำบลบึงสามพัน', '03', '2', '', '', '04', '09', '08', '67', '', '000782400', '0', '10-1 ปฐมภูมิ', '0');
INSERT INTO `chospital2` VALUES ('07825', 'รพ.สต.หินดาดน้อย ตำบลซับสมอทอด', '03', '2', '', '', '06', '01', '08', '67', '', '000782500', '0', '10-1 ปฐมภูมิ', '0');
INSERT INTO `chospital2` VALUES ('07826', 'รพ.สต.ซับสมพงษ์ ตำบลซับไม้แดง', '03', '2', '', '', '05', '02', '08', '67', '', '000782600', '0', '10-1 ปฐมภูมิ', '0');
INSERT INTO `chospital2` VALUES ('07827', 'รพ.สต.หนองแจง ตำบลหนองแจง', '03', '2', '', '', '02', '03', '08', '67', '', '000782700', '0', '10-1 ปฐมภูมิ', '0');
INSERT INTO `chospital2` VALUES ('07828', 'รพ.สต.ซับบอน ตำบลกันจุ', '03', '2', '', '', '07', '04', '08', '67', '', '000782800', '0', '10-1 ปฐมภูมิ', '0');
INSERT INTO `chospital2` VALUES ('07829', 'รพ.สต.วังพิกุล ต.วังพิกุล', '03', '2', '', '', '01', '05', '08', '67', '', '000782900', '0', '10-1 ปฐมภูมิ', '0');
INSERT INTO `chospital2` VALUES ('07830', 'รพ.สต.พญาวัง ตำบลพญาวัง', '03', '2', '', '', '01', '06', '08', '67', '', '000783000', '0', '10-1 ปฐมภูมิ', '0');
INSERT INTO `chospital2` VALUES ('07831', 'รพ.สต.ศรีมงคล ตำบลศรีมงคล', '03', '2', '', '', '01', '07', '08', '67', '', '000783100', '0', '10-1 ปฐมภูมิ', '0');
INSERT INTO `chospital2` VALUES ('07832', 'รพ.สต.เขาพลวง ตำบลสระแก้ว', '03', '2', '', '', '02', '08', '08', '67', '', '000783200', '0', '10-1 ปฐมภูมิ', '0');
INSERT INTO `chospital2` VALUES ('07833', 'รพ.สต.หลักด่าน ตำบลหลักด่าน', '03', '2', '', '', '03', '02', '09', '67', '', '000783300', '0', '10-1 ปฐมภูมิ', '0');
INSERT INTO `chospital2` VALUES ('07834', 'รพ.สต.บ้านวังกวาง ตำบลวังกวาง', '03', '2', '', '', '01', '03', '09', '67', '', '000783400', '0', '10-1 ปฐมภูมิ', '0');
INSERT INTO `chospital2` VALUES ('07835', 'รพ.สต.ดงคล้อ ตำบลวังกวาง', '03', '2', '', '', '06', '03', '09', '67', '', '000783500', '0', '10-1 ปฐมภูมิ', '0');
INSERT INTO `chospital2` VALUES ('07836', 'รพ.สต.โคกมน ตำบลโคกมน', '03', '2', '', '', '03', '04', '09', '67', '', '000783600', '0', '10-1 ปฐมภูมิ', '0');
INSERT INTO `chospital2` VALUES ('07837', 'รพ.สต.วังกระดาษเงิน ตำบลท้ายดง', '03', '2', '', '', '02', '02', '10', '67', '', '000783700', '0', '10-1 ปฐมภูมิ', '0');
INSERT INTO `chospital2` VALUES ('07838', 'รพ.สต.ดงหลง ตำบลท้ายดง', '03', '2', '', '', '08', '02', '10', '67', '', '000783800', '0', '10-1 ปฐมภูมิ', '0');
INSERT INTO `chospital2` VALUES ('07839', 'รพ.สต.คลองน้ำคัน ตำบลซับเปิบ', '03', '2', '', '', '02', '03', '10', '67', '', '000783900', '0', '10-1 ปฐมภูมิ', '0');
INSERT INTO `chospital2` VALUES ('07840', 'รพ.สต.ซับเปิบ ตำบลซับเปิบ', '03', '2', '', '', '06', '03', '10', '67', '', '000784000', '0', '10-1 ปฐมภูมิ', '0');
INSERT INTO `chospital2` VALUES ('07841', 'รพ.สต.น้ำอ้อม ตำบลวังหิน', '03', '2', '', '', '03', '04', '10', '67', '', '000784100', '0', '10-1 ปฐมภูมิ', '0');
INSERT INTO `chospital2` VALUES ('07842', 'รพ.สต.วังหิน ตำบลวังหิน', '03', '2', '', '', '14', '04', '10', '67', '', '000784200', '0', '10-1 ปฐมภูมิ', '0');
INSERT INTO `chospital2` VALUES ('07843', 'รพ.สต.วังศาล ตำบลวังศาล', '03', '2', '', '', '02', '05', '10', '67', '', '000784300', '0', '10-1 ปฐมภูมิ', '0');
INSERT INTO `chospital2` VALUES ('07844', 'รพ.สต.ป่าแดง ตำบลเขาค้อ', '03', '2', '', '', '05', '03', '11', '67', '', '000784400', '0', '10-1 ปฐมภูมิ', '0');
INSERT INTO `chospital2` VALUES ('07845', 'รพ.สต.ปานสุขุม ตำบลเขาค้อ', '03', '2', '', '', '08', '03', '11', '67', '', '000784500', '0', '10-1 ปฐมภูมิ', '0');
INSERT INTO `chospital2` VALUES ('07846', 'รพ.สต.นายาว ตำบลทุ่งสมอ', '03', '2', '', '', '02', '01', '11', '67', '', '000784600', '0', '10-1 ปฐมภูมิ', '0');
INSERT INTO `chospital2` VALUES ('07847', 'รพ.สต.เหล่าหญ้า ตำบลแคมป์สน', '03', '2', '', '', '13', '02', '11', '67', '', '000784700', '0', '10-1 ปฐมภูมิ', '0');
INSERT INTO `chospital2` VALUES ('07848', 'รพ.สต.ป่าคา ตำบลแคมป์สน', '03', '2', '', '', '05', '02', '11', '67', '', '000784800', '0', '10-1 ปฐมภูมิ', '0');
INSERT INTO `chospital2` VALUES ('07849', 'รพ.สต.พัฒนวรพงษ์ ตำบลริมสีม่วง', '03', '2', '', '', '01', '04', '11', '67', '', '000784900', '0', '10-1 ปฐมภูมิ', '0');
INSERT INTO `chospital2` VALUES ('07850', 'รพ.สต.รื่นฤดี ตำบลสะเดาะพง', '03', '2', '', '', '01', '05', '11', '67', '', '000785000', '0', '10-1 ปฐมภูมิ', '0');
INSERT INTO `chospital2` VALUES ('07851', 'รพ.สต.เสลียงแห้ง ตำบลหนองแม่นา', '03', '2', '', '', '01', '06', '11', '67', '', '000785100', '0', '10-1 ปฐมภูมิ', '0');
INSERT INTO `chospital2` VALUES ('07852', 'รพ.สต.หนองแม่นา ตำบลหนองแม่นา', '03', '2', '', '', '05', '06', '11', '67', '', '000785200', '0', '10-1 ปฐมภูมิ', '0');
INSERT INTO `chospital2` VALUES ('07853', 'รพ.สต.เข็กน้อย ตำบลเข็กน้อย', '03', '2', '', '', '04', '07', '11', '67', '', '000785300', '0', '10-1 ปฐมภูมิ', '0');
INSERT INTO `chospital2` VALUES ('10360', 'รพ.สต.ห้วยเดื่อ ตำบลน้ำไผ่', '03', '2', 'ม.2 บ้านห้วยเดื่อ ต.น้ำไผ่ อ.น้ำปาด', '', '02', '05', '04', '53', '', '001036000', '0', '10-1 ปฐมภูมิ', '0');
INSERT INTO `chospital2` VALUES ('10361', 'สสช.บ้านส่องสี ', '04', '2', 'ม.7 บ้านส่องสี ต.ห้วยมุ่น อ.น้ำปาด', '', '07', '06', '04', '53', '', '001036100', '0', '10-1 ปฐมภูมิ', '0');
INSERT INTO `chospital2` VALUES ('10362', 'สสช.บ้านวังสัมพันธ์ ', '04', '2', 'ม. 3 บ้านวังสัมพันธ์ ต.ม่วงเจ็ดต้น อ.บ้านโคก', '', '03', '01', '06', '53', '', '001036200', '0', '10-1 ปฐมภูมิ', '0');
INSERT INTO `chospital2` VALUES ('10363', 'รพ.สต.สุมข้าม  ตำบลนาขุม', '03', '2', 'ม.4 บ้านสุ่มข้าม ต.นาขุม อ.บ้านโคก', '', '04', '03', '06', '53', '', '001036300', '0', '10-1 ปฐมภูมิ', '0');
INSERT INTO `chospital2` VALUES ('10364', 'สสช.บ้านบ่อเบี้ย ', '04', '2', 'ม.1 บ้านบ่อเบี้ย ต.บ่อเบี้ย อ.บ้านโคก', '', '01', '04', '06', '53', '', '001036400', '0', '10-1 ปฐมภูมิ', '0');
INSERT INTO `chospital2` VALUES ('10365', 'สสช.บ้านปางคอม ', '04', '2', 'ม. 3 บ้านปางคอม ต.บ่อเบี้ย อ.บ้านโคก', '', '03', '04', '06', '53', '', '001036500', '0', '10-1 ปฐมภูมิ', '0');
INSERT INTO `chospital2` VALUES ('10366', 'สสช.บ้านห้วยยาง ', '04', '2', 'ม.7 บ้านห้วยยาง ต.บ่อเบี้ย อ.บ้านโคก', '', '07', '04', '06', '53', '', '001036600', '0', '10-1 ปฐมภูมิ', '0');
INSERT INTO `chospital2` VALUES ('10558', 'รพ.สต.บ้านผาผึ้ง ตำบลเชียงทอง', '03', '2', 'บ้านผาผึ้ง หมู่ที่ 06 ต.เชียงทอง', '', '06', '01', '09', '63', '', '001055800', '0', '10-1 ปฐมภูมิ', '0');
INSERT INTO `chospital2` VALUES ('10559', 'รพ.สต.บ้านห้วยเหลือง  ตำบลแม่ท้อ', '03', '2', 'บ้านห้วยเหลือง หมู่ที่ 05 ต.แม่ท้อ ', '', '05', '11', '01', '63', '', '001055900', '0', '10-1 ปฐมภูมิ', '0');
INSERT INTO `chospital2` VALUES ('10560', 'สสช.บ้านหินลาด ', '04', '2', 'บ้านหินลาด หมู่ที่ 03 ต.บ้านนา', '', '03', '05', '03', '63', '', '001056000', '0', '10-1 ปฐมภูมิ', '0');
INSERT INTO `chospital2` VALUES ('10561', 'สสช.บ้านนุบอ ', '04', '2', 'บ้านนุบอ หมู่ที่ 01 ต.ขะเนจื้อ', '', '01', '03', '04', '63', '', '001056100', '0', '10-1 ปฐมภูมิ', '0');
INSERT INTO `chospital2` VALUES ('10564', 'สสช.บ้านห้วยสินา ', '04', '2', 'บ้านห้วยสินา หมู่ที่ 08 ต.แม่ตื่น', '', '08', '04', '04', '63', '', '001056400', '0', '10-1 ปฐมภูมิ', '0');
INSERT INTO `chospital2` VALUES ('10565', 'สสช.บ้านห้วยหมาบ้า ', '04', '2', 'บ้านห้วยหมาบ้า หมู่ที่ 09 ต.แม่ตื่น', '', '09', '04', '04', '63', '', '001056500', '0', '10-1 ปฐมภูมิ', '0');
INSERT INTO `chospital2` VALUES ('10566', 'สสช.บ้านห้วยโป่ง ', '04', '2', 'บ้านห้วยโป่ง หมู่ที่ 10 ต.แม่ตื่น', '', '10', '04', '04', '63', '', '001056600', '0', '10-1 ปฐมภูมิ', '0');
INSERT INTO `chospital2` VALUES ('10567', 'สสช.บ้านห้วยมะพร้าว ', '04', '2', 'บ้านห้วยมะพร้าว หมู่ที่ 11 ต.แม่ตื่น', '', '11', '04', '04', '63', '', '001056700', '0', '10-1 ปฐมภูมิ', '0');
INSERT INTO `chospital2` VALUES ('10568', 'สสช.บ้านแพ่แฮ  ', '04', '2', 'บ้านแพ่แฮ หมู่ที่ 01 ต.สามหมื่น', '', '01', '05', '04', '63', '', '001056800', '0', '10-1 ปฐมภูมิ', '0');
INSERT INTO `chospital2` VALUES ('10569', 'สสช.บ้านขุนห้วยแม่ท้อ ', '04', '2', 'บ้านขุนห้วยแม่ท้อ หมู่ที่ 02 ต.สามหมื่น', '', '02', '05', '04', '63', '', '001056900', '0', '10-1 ปฐมภูมิ', '0');
INSERT INTO `chospital2` VALUES ('10571', 'สสช.บ้านแม่เหว่ย  ', '04', '2', 'บ้านแม่เหว่ย หมู่ที่ 04 ต.ท่าสองยาง', '', '04', '01', '05', '63', '', '001057100', '0', '10-1 ปฐมภูมิ', '0');
INSERT INTO `chospital2` VALUES ('10572', 'รพ.สต.บ้านเรกะติ ตำบลแม่อุสุ', '03', '2', 'บ้านเรกะติ หมู่ที่ 05 ต.แม่อุสุ', '', '05', '06', '05', '63', '', '001057200', '0', '10-1 ปฐมภูมิ', '0');
INSERT INTO `chospital2` VALUES ('10573', 'รพ.สต.บ้านหนองบัว  ตำบลแม่อุสุ', '03', '2', 'บ้านหนองบัว หมู่ที่ 06 ต.แม่อุสุ', '', '06', '06', '05', '63', '', '001057300', '0', '10-1 ปฐมภูมิ', '0');
INSERT INTO `chospital2` VALUES ('10574', 'สสช.บ้านแม่สองน้อย', '04', '2', 'บ้านแม่สองน้อย หมู่ที่ 08 ต.แม่อุสุ', '', '08', '06', '05', '63', '', '001057400', '0', '10-1 ปฐมภูมิ', '0');
INSERT INTO `chospital2` VALUES ('10575', 'สสช.บ้านเซหนะเดอลู่ ', '04', '2', 'บ้านเซหนะเดอลู่ หมู่ที่ 1 ต.แม่อุสุ', '', '01', '06', '05', '63', '', '001057500', '0', '10-1 ปฐมภูมิ', '0');
INSERT INTO `chospital2` VALUES ('10576', 'สสช.บ้านมอทีทะ ', '04', '2', 'บ้านมอทีทะ หมู่ที่ 09 ต.แม่อุสุ', '', '09', '06', '05', '63', '', '001057600', '0', '10-1 ปฐมภูมิ', '0');
INSERT INTO `chospital2` VALUES ('10578', 'สสช.บ้านตะโป๊ะปู่  ', '04', '2', 'บ้านตะโป๊ะปู่ หมู่ที่ 4 ต.แม่ต้าน', '', '04', '02', '05', '63', '', '001057800', '0', '10-1 ปฐมภูมิ', '0');
INSERT INTO `chospital2` VALUES ('10580', 'สสช.บ้านทีคุคี ', '04', '2', 'บ้านทีคุคี หมู่ที่ 04 ต.แม่สอง', '', '04', '03', '05', '63', '', '001058000', '0', '10-1 ปฐมภูมิ', '0');
INSERT INTO `chospital2` VALUES ('10581', 'สสช.บ้านแม่นิล ', '04', '2', 'บ้านแม่นิล หมู่ที่ 06 ต.แม่สอง', '', '06', '03', '05', '63', '', '001058100', '0', '10-1 ปฐมภูมิ', '0');
INSERT INTO `chospital2` VALUES ('10582', 'สสช.บ้านตะพิเดอ ', '04', '2', 'บ้านตะพิเดอ หมู่ที่ 09 ต.แม่สอง', '', '09', '03', '05', '63', '', '001058200', '0', '10-1 ปฐมภูมิ', '0');
INSERT INTO `chospital2` VALUES ('10583', 'สสช.บ้านเคลอะเดอคี ', '04', '2', 'บ้านเคลอะเดคี หมู่ที่ 10 ต.แม่สอง', '', '10', '03', '05', '63', '', '001058300', '0', '10-1 ปฐมภูมิ', '0');
INSERT INTO `chospital2` VALUES ('10584', 'สสช.บ้านวะโดรโกร ', '04', '2', 'บ้านวะโดรโกร หมู่ที่ 12 ต.แม่สอง', '', '12', '03', '05', '63', '', '001058400', '0', '10-1 ปฐมภูมิ', '0');
INSERT INTO `chospital2` VALUES ('10585', 'สสช.บ้านทีโบะคี ', '04', '2', 'บ้านทีโบะคี หมู่ที่ 13 ต.แม่สอง', '', '13', '03', '05', '63', '', '001058500', '0', '10-1 ปฐมภูมิ', '0');
INSERT INTO `chospital2` VALUES ('10586', 'รพ.สต.บ้านแม่ออกผารู  ตำบลแม่หละ', '03', '2', 'บ้านแม่ออกผารู หมู่ที่ 03 แม่หละ ', '', '03', '04', '05', '63', '', '001058600', '0', '10-1 ปฐมภูมิ', '0');
INSERT INTO `chospital2` VALUES ('10587', 'สสช.บ้านกาหม่าผาโด้ ', '04', '2', 'บ้านกาหม่าผาโด้ หมู่ที่ 05 ต.แม่หละ', '', '05', '04', '05', '63', '', '001058700', '0', '10-1 ปฐมภูมิ', '0');
INSERT INTO `chospital2` VALUES ('10588', 'สสช.บ้านทีจือหล่อคี ', '04', '2', 'บ้านทีจือหล่อคี หมู่ที่ 08 ต.แม่หละ', '', '08', '04', '05', '63', '', '001058800', '0', '10-1 ปฐมภูมิ', '0');
INSERT INTO `chospital2` VALUES ('10589', 'สสช.บ้านซอแขระกา ', '04', '2', 'บ้านซอแขระกา หมู่ที่01 ต.แม่วะหลวง', '', '01', '05', '05', '63', '', '001058900', '0', '10-1 ปฐมภูมิ', '0');
INSERT INTO `chospital2` VALUES ('10590', 'สสช.บ้านแม่สะเปา ', '04', '2', 'บ้านปางทอง หมู่ที่ 02 ต.แม่วะหลวง', '', '02', '05', '05', '63', '', '001059000', '0', '10-1 ปฐมภูมิ', '0');
INSERT INTO `chospital2` VALUES ('10591', 'สสช.บ้านเกร้คี ', '04', '2', 'บ้านเกร้คี หมู่ที่ 09 ต.แม่วะหลวง', '', '09', '05', '05', '63', '', '001059100', '0', '10-1 ปฐมภูมิ', '0');
INSERT INTO `chospital2` VALUES ('10597', 'สสช.บ้านป่าคาใหม่ ', '04', '2', 'บ้านป่าคาใหม่ หมู่ที่ 06 ต.คีรีราษฎร์', '', '06', '03', '07', '63', '', '001059700', '0', '10-1 ปฐมภูมิ', '0');
INSERT INTO `chospital2` VALUES ('10598', 'สสช.บ้านป่าคาเก่า ', '04', '2', 'บ้านป่าคาเก่า หมู่ที่ 07 ต.คีรีราษฎร์', '', '07', '03', '07', '63', '', '001059800', '0', '10-1 ปฐมภูมิ', '0');
INSERT INTO `chospital2` VALUES ('10599', 'รพ.สต.บ้านยะพอ  ตำบลวาเล่ย์', '03', '2', 'บ้านยะพอ หมู่ที่ 05 ต.วาเล่ย ', '', '05', '04', '07', '63', '', '001059900', '0', '10-1 ปฐมภูมิ', '0');
INSERT INTO `chospital2` VALUES ('10600', 'สสช.บ้านกิ่วห้าง ', '04', '2', 'บ้านกิ่วห้าง หมู่ที่ 03 ต.อุ้มผาง', '', '03', '01', '08', '63', '', '001060000', '0', '10-1 ปฐมภูมิ', '0');
INSERT INTO `chospital2` VALUES ('10601', 'รพ.สต.วะครึโค๊ะ ', '03', '2', 'บ้านตะเป่อพู หมู่ที่ 02 ต.โมโกร', '', '02', '03', '08', '63', '', '001060100', '0', '10-1 ปฐมภูมิ', '0');
INSERT INTO `chospital2` VALUES ('10602', 'สสช.บ้านแม่กลองคี ', '04', '2', 'บ้านแม่กลองคี หมู่ที่ 03 ต.โมโกร', '', '03', '03', '08', '63', '', '001060200', '0', '10-1 ปฐมภูมิ', '0');
INSERT INTO `chospital2` VALUES ('10603', 'สสช.บ้านร่มเกล้า 5 ', '04', '2', 'บ้านแม่กลองน้อย หมู่ที่ 06 ต.โมโกร ', '', '06', '03', '08', '63', '', '001060300', '0', '10-1 ปฐมภูมิ', '0');
INSERT INTO `chospital2` VALUES ('10604', 'สสช.บ้านนุโพ ', '04', '2', 'บ้านนุโพ หมู่ที่ 04 ต.แม่จัน', '', '04', '04', '08', '63', '', '001060400', '0', '10-1 ปฐมภูมิ', '0');
INSERT INTO `chospital2` VALUES ('10605', 'สสช.บ้านหม่องกั๊วะ ', '04', '2', 'บ้านหม่องกั๊วะ หมู่ที่ 07 ต.แม่จัน', '', '07', '04', '08', '63', '', '001060500', '0', '10-1 ปฐมภูมิ', '0');
INSERT INTO `chospital2` VALUES ('10608', 'สสช. บ้านแม่สาน', '04', '2', 'ม. 06 ต. แม่สำ อ. ศรีสัชนาลัย จ.สุโขทัย', '', '06', '03', '05', '64', '', '001060800', '0', null, null);
INSERT INTO `chospital2` VALUES ('10610', 'รพ.สต.บ้านปางสา ตำบลแม่สิน', '03', '2', 'ม. 10 ต. แม่สิน อ. ศรีสัชนาลัย จ.สุโขทัย', '', '10', '04', '05', '64', '', '001061000', '0', '10-1 ปฐมภูมิ', '0');
INSERT INTO `chospital2` VALUES ('10611', 'รพ.สต.บ้านห้วยทรายเหนือ', '03', '2', 'ม.6 บ้านห้วยทรายเหนือ', '', '06', '11', '02', '65', '', '001061100', '0', '10-1 ปฐมภูมิ', '0');
INSERT INTO `chospital2` VALUES ('10612', 'รพ.สต.บ้านน้ำจวง ', '04', '2', 'ม.12 บ้านน้ำจวง', '', '12', '05', '03', '65', '', '001061200', '0', '10-1 ปฐมภูมิ', '0');
INSERT INTO `chospital2` VALUES ('10613', 'รพ.สต.บ้านนุชเทียน ', '04', '2', 'ม.7 บ้านนุชเทียน', '', '07', '05', '03', '65', '', '001061300', '0', '10-1 ปฐมภูมิ', '0');
INSERT INTO `chospital2` VALUES ('10614', 'รพ.สต.ด่านช้าง  ตำบลท้ายดง', '03', '2', '', '', '04', '02', '10', '67', '', '001061400', '0', '10-1 ปฐมภูมิ', '0');
INSERT INTO `chospital2` VALUES ('10615', 'สสช.บ้านใจทน ', '04', '2', '', '', '07', '03', '11', '67', '', '001061500', '0', null, null);
INSERT INTO `chospital2` VALUES ('10616', 'สสช.บ้านห้วยน้ำขาว', '04', '2', '', '', '01', '07', '11', '67', '', '001061600', '0', null, null);
INSERT INTO `chospital2` VALUES ('10673', 'รพ.อุตรดิตถ์', '05', '1', '38 ถ.เจษฏาบดินทร์ ต.ท่าอิฐ อ.เมือง จ.อุตรดิตถ์ 530', '', '00', '01', '01', '53', '', '001067300', '610', '31-3.1 ตติยภูมิ', '610');
INSERT INTO `chospital2` VALUES ('10676', 'รพ.พุทธชินราช', '05', '1', '90 ถ.ศรีธรรมไตรปิฎก อ.เมือง จ.พิษณุโลก 65000', '', '00', '01', '01', '65', '', '001067600', '1035', '31-3.1 ตติยภูมิ', '1035');
INSERT INTO `chospital2` VALUES ('10722', 'รพ.สมเด็จพระเจ้าตากสินมหาราช', '06', '1', '295 ถนนพหลโยธิน ต.ระแหง', '', '00', '01', '01', '63', '', '001072200', '320', '23-2.3 ทุติยภูมิระดับสูง', '320');
INSERT INTO `chospital2` VALUES ('10723', 'รพ.แม่สอด', '06', '1', 'ถนนศรีพานิช ต.แม่สอด', '', '00', '01', '06', '63', '', '001072300', '420', '23-2.3 ทุติยภูมิระดับสูง', '420');
INSERT INTO `chospital2` VALUES ('10724', 'รพ.สุโขทัย', '06', '1', 'ม. 01 ต. บ้านกล้วย อ. เมืองสุโขทัย จ.สุโขทัย', '', '01', '06', '01', '64', '', '001072400', '320', '23-2.3 ทุติยภูมิระดับสูง', '320');
INSERT INTO `chospital2` VALUES ('10725', 'รพ.ศรีสังวรสุโขทัย', '06', '1', 'ม. 08 ต. คลองตาล อ. ศรีสำโรง จ.สุโขทัย', '', '08', '01', '06', '64', '', '001072500', '307', '23-2.3 ทุติยภูมิระดับสูง', '307');
INSERT INTO `chospital2` VALUES ('10727', 'รพ.เพชรบูรณ์', '06', '1', '203 ถ.สามัคคีชัย ต.ในเมือง อ.เมือง จ.เพชรบูรณ์ 670', '', '00', '01', '01', '67', '', '001072700', '344', '23-2.3 ทุติยภูมิระดับสูง', '344');
INSERT INTO `chospital2` VALUES ('11158', 'รพ.ตรอน', '07', '1', 'ม.2 ต.บ้านแก่ง อ.ตรอน', '', '02', '02', '02', '53', '', '001115800', '30', '22-2.2 ทุติยภูมิระดับกลาง', '30');
INSERT INTO `chospital2` VALUES ('11159', 'รพ.ท่าปลา', '07', '1', 'ม.1 ต.ท่าปลา ต.ท่าปลา', '', '01', '01', '03', '53', '', '001115900', '30', '22-2.2 ทุติยภูมิระดับกลาง', '30');
INSERT INTO `chospital2` VALUES ('11160', 'รพ.น้ำปาด', '07', '1', '15 ม.4 ต.แสนตอ อ.น้ำปาด', '', '04', '01', '04', '53', '', '001116000', '30', '22-2.2 ทุติยภูมิระดับกลาง', '30');
INSERT INTO `chospital2` VALUES ('11161', 'รพ.ฟากท่า', '07', '1', 'ม.1 ต.ฟากท่า อ.ฟากท่า', '', '01', '01', '05', '53', '', '001116100', '30', '22-2.2 ทุติยภูมิระดับกลาง', '30');
INSERT INTO `chospital2` VALUES ('11162', 'รพ.บ้านโคก', '07', '1', 'ม.3 ต.บ้านโคก อ.บ้านโคก', '', '03', '02', '06', '53', '', '001116200', '30', '22-2.2 ทุติยภูมิระดับกลาง', '30');
INSERT INTO `chospital2` VALUES ('11163', 'รพ.พิชัย', '07', '1', 'ม.01 ต.ในเมือง อ.พิชัย', '', '01', '01', '07', '53', '', '001116300', '60', '22-2.2 ทุติยภูมิระดับกลาง', '60');
INSERT INTO `chospital2` VALUES ('11164', 'รพ.ลับแล', '07', '1', 'ม. 01 ต.ชัยจุมพล อ.ลับแล', '', '01', '05', '08', '53', '', '001116400', '30', '22-2.2 ทุติยภูมิระดับกลาง', '30');
INSERT INTO `chospital2` VALUES ('11165', 'รพ.ทองแสนขัน', '07', '1', 'ม.9 ต.บ่อทอง อ.ทองแสนขัน', '', '09', '02', '09', '53', '', '001116500', '30', '22-2.2 ทุติยภูมิระดับกลาง', '30');
INSERT INTO `chospital2` VALUES ('11238', 'รพ.บ้านตาก', '07', '1', 'บ้านตะฝั่งสูง หมู่ที่ 7 ต.ตากออก', '', '07', '01', '02', '63', '', '001123800', '60', '21-2.1 ทุติยภูมิระดับต้น', '60');
INSERT INTO `chospital2` VALUES ('11239', 'รพ.สามเงา', '07', '1', '371 บ้านจัดสรร หมู่ที่ 04 ต.สามเงา', '', '04', '01', '03', '63', '', '001123900', '30', '21-2.1 ทุติยภูมิระดับต้น', '30');
INSERT INTO `chospital2` VALUES ('11240', 'รพ.แม่ระมาด', '07', '1', '251 บ้านแม่ระมาด หมู่ที่ 4 ตแม่ระมาด', '', '04', '01', '04', '63', '', '001124000', '60', '21-2.1 ทุติยภูมิระดับต้น', '60');
INSERT INTO `chospital2` VALUES ('11241', 'รพ.ท่าสองยาง', '07', '1', '357 บ้านแม่ต้าน หมู่ที่ 01 ต.แม่ต้าน', '', '02', '02', '05', '63', '', '001124100', '60', '21-2.1 ทุติยภูมิระดับต้น', '60');
INSERT INTO `chospital2` VALUES ('11242', 'รพ.พบพระ', '07', '1', 'บ้านพบพระกลาง หมู่ที่ 02 ต.พบพระ', '', '02', '01', '07', '63', '', '001124200', '30', '21-2.1 ทุติยภูมิระดับต้น', '30');
INSERT INTO `chospital2` VALUES ('11243', 'รพ.อุ้มผาง', '07', '1', '159 บ้านอุ้มผาง หมู่ที่ 01 ต.อุ้มผาง', '', '01', '01', '08', '63', '', '001124300', '60', '21-2.1 ทุติยภูมิระดับต้น', '60');
INSERT INTO `chospital2` VALUES ('11244', 'รพ.บ้านด่านลานหอย', '07', '1', 'ม. 02 ต. บ้านด่าน อ. บ้านด่านลานหอย จ.สุโขทัย', '', '02', '02', '02', '64', '', '001124400', '30', '21-2.1 ทุติยภูมิระดับต้น', '30');
INSERT INTO `chospital2` VALUES ('11245', 'รพ.คีรีมาศ', '07', '1', 'ม. 07 ต. โตนด อ. คีรีมาศ จ.สุโขทัย', '', '07', '01', '03', '64', '', '001124500', '30', '21-2.1 ทุติยภูมิระดับต้น', '30');
INSERT INTO `chospital2` VALUES ('11246', 'รพ.กงไกรลาศ', '07', '1', 'ม. 02 ต. บ้านกร่าง อ. กงไกรลาศ จ.สุโขทัย', '', '02', '02', '04', '64', '', '001124600', '30', '21-2.1 ทุติยภูมิระดับต้น', '30');
INSERT INTO `chospital2` VALUES ('11247', 'รพ.ศรีสัชนาลัย', '07', '1', 'ม. 03 ต. หาดเสี้ยว อ. ศรีสัชนาลัย จ.สุโขทัย', '', '03', '01', '05', '64', '', '001124700', '60', '21-2.1 ทุติยภูมิระดับต้น', '60');
INSERT INTO `chospital2` VALUES ('11248', 'รพ.สวรรคโลก', '07', '1', 'ม. 04 ต. ในเมือง อ. สวรรคโลก จ.สุโขทัย', '', '04', '02', '07', '64', '', '001124800', '120', '21-2.1 ทุติยภูมิระดับต้น', '120');
INSERT INTO `chospital2` VALUES ('11249', 'รพ.ศรีนคร', '07', '1', 'ม. 03 ต. ศรีนคร อ. ศรีนคร จ.สุโขทัย', '', '03', '01', '08', '64', '', '001124900', '30', '21-2.1 ทุติยภูมิระดับต้น', '30');
INSERT INTO `chospital2` VALUES ('11250', 'รพ.ทุ่งเสลี่ยม', '07', '1', 'ม. 08 ต. ทุ่งเสลี่ยม อ. ทุ่งเสลี่ยม จ.สุโขทัย', '', '08', '03', '09', '64', '', '001125000', '30', '21-2.1 ทุติยภูมิระดับต้น', '30');
INSERT INTO `chospital2` VALUES ('11251', 'รพ.ชาติตระการ', '07', '1', '112 ม.5 บ้านศรีสงคราม', '', '05', '01', '03', '65', '', '001125100', '30', '21-2.1 ทุติยภูมิระดับต้น', '30');
INSERT INTO `chospital2` VALUES ('11252', 'รพ.บางระกำ', '07', '1', '1/3 ม.7 บ้านบางระกำ', '', '07', '01', '04', '65', '', '001125200', '30', '21-2.1 ทุติยภูมิระดับต้น', '30');
INSERT INTO `chospital2` VALUES ('11253', 'รพ.บางกระทุ่ม', '07', '1', '100 ม.11 บ้านยางโทน', '', '11', '06', '05', '65', '', '001125300', '30', '21-2.1 ทุติยภูมิระดับต้น', '30');
INSERT INTO `chospital2` VALUES ('11254', 'รพ.พรหมพิราม', '07', '1', '479 ม.1 บ้านพรหมพิราม', '', '01', '01', '06', '65', '', '001125400', '30', '21-2.1 ทุติยภูมิระดับต้น', '30');
INSERT INTO `chospital2` VALUES ('11255', 'รพ.วัดโบสถ์', '07', '1', '135 ม.1 บ้านท่างาม', '', '01', '01', '07', '65', '', '001125500', '30', '21-2.1 ทุติยภูมิระดับต้น', '30');
INSERT INTO `chospital2` VALUES ('11256', 'รพ.วังทอง', '07', '1', '491 ม.5 บ้านหนองเสือ', '', '05', '01', '08', '65', '', '001125600', '30', '21-2.1 ทุติยภูมิระดับต้น', '30');
INSERT INTO `chospital2` VALUES ('11257', 'รพ.เนินมะปราง', '07', '1', '364 ม.2 บ้านเนินมะปราง', '', '02', '06', '09', '65', '', '001125700', '30', '21-2.1 ทุติยภูมิระดับต้น', '30');
INSERT INTO `chospital2` VALUES ('11264', 'รพ.ชนแดน', '07', '1', '415 ม.7 ถ.ชมฐีระเวช ต.ชนแดน อ.ชนแดน จ.เพชรบูรณ์ 67', '', '07', '01', '02', '67', '', '001126400', '60', '21-2.1 ทุติยภูมิระดับต้น', '60');
INSERT INTO `chospital2` VALUES ('11265', 'รพ.หล่มสัก', '07', '1', '15 ถ.สามัคคีชัย ต.หล่มสัก อ.หล่มสัก จ.เพชรบูรณ์ 67', '', '00', '01', '03', '67', '', '001126500', '90', '22-2.2 ทุติยภูมิระดับกลาง', '90');
INSERT INTO `chospital2` VALUES ('11266', 'รพ.วิเชียรบุรี', '07', '1', '227ม.1 ถ.สระบุรี-หล่มสัก ต.สระประดู่ อ.วิเชียรบุรี', '', '01', '02', '05', '67', '', '001126600', '90', '23-2.3 ทุติยภูมิระดับสูง', '90');
INSERT INTO `chospital2` VALUES ('11267', 'รพ.ศรีเทพ', '07', '1', '70 ม.12 ถ.ศรีเทพ-หนองมะค่า ต.สระกรวด อ.ศรีเทพ จ.เพ', '', '12', '02', '06', '67', '', '001126700', '30', '21-2.1 ทุติยภูมิระดับต้น', '30');
INSERT INTO `chospital2` VALUES ('11268', 'รพ.หนองไผ่', '07', '1', '655 ม.6 ถ.สระบุรี-หล่มสัก ต.หนองไผ่ อ.หนองไผ่ จ.เพ', '', '06', '10', '07', '67', '', '001126800', '60', '21-2.1 ทุติยภูมิระดับต้น', '60');
INSERT INTO `chospital2` VALUES ('11269', 'รพ.บึงสามพัน', '07', '1', '333 ม.9 ต.ซับสมอทอด ต.ซับสมอทอด อ.บึงสามพัน จ.เพชร', '', '09', '01', '08', '67', '', '001126900', '60', '21-2.1 ทุติยภูมิระดับต้น', '60');
INSERT INTO `chospital2` VALUES ('11270', 'รพ.น้ำหนาว', '07', '1', '333 ม.5 ต.น้ำหนาว อ.น้ำหนาว จ.เพชรบูรณ์ 67160', '', '05', '01', '09', '67', '', '001127000', '10', '21-2.1 ทุติยภูมิระดับต้น', '10');
INSERT INTO `chospital2` VALUES ('11271', 'รพ.วังโป่ง', '07', '1', '630 ม.1 ต.วังโป่ง อ.วังโป่ง จ.เพชรบูรณ์ 67240', '', '01', '01', '10', '67', '', '001127100', '30', '21-2.1 ทุติยภูมิระดับต้น', '30');
INSERT INTO `chospital2` VALUES ('11272', 'รพ.เขาค้อ', '07', '1', '75 ม.1 ต.เขาค้อ อ.เขาค้อ จ.เพชรบูรณ์ 67270', '', '01', '03', '11', '67', '', '001127200', '30', '22-2.2 ทุติยภูมิระดับกลาง', '30');
INSERT INTO `chospital2` VALUES ('11455', 'รพ.สมเด็จพระยุพราชนครไทย', '07', '1', '111 ม.7 บ้านคลองจิก', '', '07', '01', '02', '65', '', '001145500', '60', '21-2.1 ทุติยภูมิระดับต้น', '60');
INSERT INTO `chospital2` VALUES ('11457', 'รพ.สมเด็จพระยุพราชหล่มเก่า', '07', '1', '', '', '05', '01', '04', '67', '', '001145700', '60', '22-2.2 ทุติยภูมิระดับกลาง', '60');
INSERT INTO `chospital2` VALUES ('11797', 'รพ.สต.บ้านสระโคล่', '03', '2', '19 ม.10 บ้านสระโคล่', '', '10', '11', '01', '65', '', '001179700', '0', '10-1 ปฐมภูมิ', '0');
INSERT INTO `chospital2` VALUES ('11798', 'รพ.สต.บ้านแหลมโพธิ์', '03', '2', 'ม.9 บ้านแหลมโพธิ์', '', '09', '13', '01', '65', '', '001179800', '0', '10-1 ปฐมภูมิ', '0');
INSERT INTO `chospital2` VALUES ('11803', 'รพ.สต.บ้านกรับพวง', '03', '2', 'ม.1 บ้านกรับพวง', '', '01', '04', '04', '65', '', '001180300', '0', '10-1 ปฐมภูมิ', '0');
INSERT INTO `chospital2` VALUES ('11947', 'รพ.สต.นาข้าวดอ  ตำบลวังโบสถ์', '03', '2', '', '', '05', '11', '07', '67', '', '001194700', '0', '10-1 ปฐมภูมิ', '0');
INSERT INTO `chospital2` VALUES ('11989', 'รพ.สต.บ้านชะลาด ตำบลป่ามะม่วง', '03', '2', 'บ้านชะลาด หมู่ที่ 05 ต.ป่ามะม่วง ', '', '05', '12', '01', '63', '', '001198900', '0', '10-1 ปฐมภูมิ', '0');
INSERT INTO `chospital2` VALUES ('11990', 'รพ.สต.บ้านโป่งแค ตำบลวังประจบ', '03', '2', 'บ้านโป่งแค หมูที่ 07 ต.วังประจบ ', '', '07', '14', '01', '63', '', '001199000', '0', '10-1 ปฐมภูมิ', '0');
INSERT INTO `chospital2` VALUES ('14005', 'รพ.สต.บ้านหลวงป่ายาง', '03', '2', 'ม. 2 บ้านหลวงป่ายาง ต.น้ำอาง อ.ตรอน', '', '02', '04', '02', '53', '', '001400500', '0', '10-1 ปฐมภูมิ', '0');
INSERT INTO `chospital2` VALUES ('14006', 'รพ.สต.บ้านห้วยต้า ตำบลนางพญา', '03', '2', 'ม. 4 บ้านห้วยต้า ต.นางพญา อ.ท่าปลา ', '', '04', '07', '03', '53', '', '001400600', '0', '10-1 ปฐมภูมิ', '0');
INSERT INTO `chospital2` VALUES ('14007', 'รพ.สต.บ้านคุ้ม  ตำบลชัยจุมพล', '03', '2', ' ม. 4 บ้านคุ้ม ต.ชัยจุมพล อ.ลับแล', '', '04', '05', '08', '53', '', '001400700', '0', '10-1 ปฐมภูมิ', '0');
INSERT INTO `chospital2` VALUES ('14042', 'รพ.สต.บ้านหนองหลวง ตำบลสามหมื่น', '03', '2', 'บ้านหนองหลวง หมู่ที่ 03 ต.สามหมื่น ', '', '03', '05', '04', '63', '', '001404200', '0', '10-1 ปฐมภูมิ', '0');
INSERT INTO `chospital2` VALUES ('14043', 'รพ.สต.บ้านทุ่งมะขามป้อม ตำบลพระธาตุ', '03', '2', 'บ้านทุ่งมะขามป้อม หมู่ที่ 04 ต.พระธาตุ ', '', '04', '06', '04', '63', '', '001404300', '0', '10-1 ปฐมภูมิ', '0');
INSERT INTO `chospital2` VALUES ('14044', 'รพ.สต.บ้านห้วยนกกก  ตำบลแม่หละ', '03', '2', 'บ้านห้วยนกกก หมู่ที่ 04 ต. แม่หละ ', '', '04', '04', '05', '63', '', '001404400', '0', '10-1 ปฐมภูมิ', '0');
INSERT INTO `chospital2` VALUES ('14045', 'รพ.สต.บ้านร่มเกล้าสหมิตร ตำบลคีรีราษฎร์', '03', '2', 'บ้านร่มเกล้าสหมิตร หมู่ที่ 05 ต. คีรีราษฎร์ ', '', '05', '03', '07', '63', '', '001404500', '0', '10-1 ปฐมภูมิ', '0');
INSERT INTO `chospital2` VALUES ('14046', 'รพ.สต.บ้านเปิ่งเคลิ่ง  ตำบลแม่จัน', '03', '2', 'บ้านเปิงเคลิ่ง หมู่ที่ 09 ต.แม่จัน ', '', '09', '04', '08', '63', '', '001404600', '0', '10-1 ปฐมภูมิ', '0');
INSERT INTO `chospital2` VALUES ('14047', 'รพ.สต.บ้านหนองหลอด ตำบลไกรกลาง', '03', '2', 'ม. 07 ต. ไกรกลาง อ. กงไกรลาศ จ.สุโขทัย', '', '07', '04', '04', '64', '', '001404700', '0', '10-1 ปฐมภูมิ', '0');
INSERT INTO `chospital2` VALUES ('14048', 'รพ.สต.บ้านแม่ราก ตำบลป่างิ้ว', '03', '2', 'ม. 02 ต. ป่างิ้ว อ. ศรีสัชนาลัย จ.สุโขทัย', '', '02', '02', '05', '64', '', '001404800', '0', '10-1 ปฐมภูมิ', '0');
INSERT INTO `chospital2` VALUES ('14049', 'รพ.สต.บ้านสะพานยาว ตำบลแม่สำ', '03', '2', 'ม. 10 ต. แม่สำ อ. ศรีสัชนาลัย จ.สุโขทัย', '', '10', '03', '05', '64', '', '001404900', '0', '10-1 ปฐมภูมิ', '0');
INSERT INTO `chospital2` VALUES ('14050', 'รพ.สต.บ้านลุเต่า ตำบลนาขุนไกร', '03', '2', 'ม. 08 ต. นาขุนไกร อ. ศรีสำโรง จ.สุโขทัย', '', '08', '06', '06', '64', '', '001405000', '0', '10-1 ปฐมภูมิ', '0');
INSERT INTO `chospital2` VALUES ('14051', 'รพ.สต.บ้านมาบป่าเลา ตำบลปากน้ำ', '03', '2', 'ม. 12 ต. ปากน้ำ อ. สวรรคโลก จ.สุโขทัย', '', '12', '11', '07', '64', '', '001405100', '0', '10-1 ปฐมภูมิ', '0');
INSERT INTO `chospital2` VALUES ('14052', 'รพ.สต.บ้านใหม่โพธิ์งาม ตำบลป่ากุมเกาะ', '03', '2', 'ม. 07 ต. ป่ากุมเกาะ อ. สวรรคโลก จ.สุโขทัย', '', '07', '12', '07', '64', '', '001405200', '0', '10-1 ปฐมภูมิ', '0');
INSERT INTO `chospital2` VALUES ('14053', 'รพ.สต.บ้านขอนซุง ตำบลเมืองบางขลัง', '03', '2', 'ม. 04 ต. เมืองบางขลัง อ. สวรรคโลก จ.สุโขทัย', '', '04', '13', '07', '64', '', '001405300', '0', '10-1 ปฐมภูมิ', '0');
INSERT INTO `chospital2` VALUES ('14054', 'รพ.สต.บ้านหนองแหน ตำบลนครเดิฐ', '03', '2', 'ม. 01 ต. นครเดิฐ อ. ศรีนคร จ.สุโขทัย', '', '01', '02', '08', '64', '', '001405400', '0', '10-1 ปฐมภูมิ', '0');
INSERT INTO `chospital2` VALUES ('14055', 'รพ.สต.บ้านร้องยุ้งข้าว', '03', '2', 'ม.9 บ้านร้องยุ้งข้าว', '', '09', '08', '01', '65', '', '001405500', '0', '10-1 ปฐมภูมิ', '0');
INSERT INTO `chospital2` VALUES ('14056', 'รพ.สต.บ้านแหลมมะค่า', '03', '2', 'ม.11 บ้านมะค่างาม', '', '11', '03', '04', '65', '', '001405600', '0', '10-1 ปฐมภูมิ', '0');
INSERT INTO `chospital2` VALUES ('14057', 'รพ.สต.บ้านขอนอ้าปาก', '03', '2', 'ม.10 บ้านขอนอ้าปาก', '', '10', '02', '05', '65', '', '001405700', '0', '10-1 ปฐมภูมิ', '0');
INSERT INTO `chospital2` VALUES ('14058', 'รพ.สต.บ้านบึงช้าง', '03', '2', 'ม.10 บ้านบึงช้าง', '', '10', '06', '05', '65', '', '001405800', '0', '10-1 ปฐมภูมิ', '0');
INSERT INTO `chospital2` VALUES ('14059', 'รพ.สต.บ้านสันติบันเทิง', '03', '2', 'ม.7 บ้านดงหมี', '', '07', '08', '05', '65', '', '001405900', '0', '10-1 ปฐมภูมิ', '0');
INSERT INTO `chospital2` VALUES ('14060', 'รพ.สต.บ้านคลองตาล', '03', '2', 'ม.8 บ้านคลองตาล', '', '08', '09', '06', '65', '', '001406000', '0', '10-1 ปฐมภูมิ', '0');
INSERT INTO `chospital2` VALUES ('14061', 'รพ.สต.บ้านท้องโพลง', '03', '2', 'ม.3 บ้านท้องโพลง', '', '03', '12', '06', '65', '', '001406100', '0', '10-1 ปฐมภูมิ', '0');
INSERT INTO `chospital2` VALUES ('14066', 'สอ.เฉลิมพระเกียรติสมเด็จพระศรีนครินทราบรมราชชนนี(เอิบจิตต์ ยศสุนทร อุทิศ)', '03', '2', '', '', '01', '04', '02', '67', '', '001406600', '0', '10-1 ปฐมภูมิ', '0');
INSERT INTO `chospital2` VALUES ('14067', 'รพ.สต.ปากช่อง ตำบลปากช่อง', '03', '2', '', '', '11', '13', '03', '67', '', '001406700', '0', '10-1 ปฐมภูมิ', '0');
INSERT INTO `chospital2` VALUES ('14068', 'รพ.สต.ห้วยโปร่ง ตำบลบ้านหวาย', '03', '2', '', '', '01', '23', '03', '67', '', '001406800', '0', '10-1 ปฐมภูมิ', '0');
INSERT INTO `chospital2` VALUES ('14069', 'รพ.สต.วังวัด ตำบลยางสาว', '03', '2', '', '', '03', '13', '05', '67', '', '001406900', '0', '10-1 ปฐมภูมิ', '0');
INSERT INTO `chospital2` VALUES ('14070', 'รพ.สต.บ้านท่าเยี่ยม  ตำบลท่าแดง', '03', '2', '', '', '04', '04', '07', '67', '', '001407000', '0', '10-1 ปฐมภูมิ', '0');
INSERT INTO `chospital2` VALUES ('14071', 'รพ.สต.เกษมสุข ตำบลเพชรละคร', '03', '2', '', '', '08', '05', '07', '67', '', '001407100', '0', '10-1 ปฐมภูมิ', '0');
INSERT INTO `chospital2` VALUES ('14127', 'สสช.บ้านห้วยกระทิง ', '04', '2', 'บ้านห้วยกระทิง หมู่ที่ 06 ต.พระธาตุ ', '', '06', '06', '04', '63', '', '001412700', '0', '10-1 ปฐมภูมิ', '0');
INSERT INTO `chospital2` VALUES ('14128', 'สสช.บ้านใหม่สามยอดดอย ', '04', '2', 'บ้านใหม่สามยอดดอย หมู่ที่ 14 ต.ช่องแคบ', '', '14', '02', '07', '63', '', '001412800', '0', '10-1 ปฐมภูมิ', '0');
INSERT INTO `chospital2` VALUES ('14129', 'สสช.บ้านทรัพย์อนันต์ 18 ', '04', '2', 'บ้านทรัพย์อนันต์ 18 หมู่ที่ 13 ต.ช่องแคบ ', '', '13', '02', '07', '63', '', '001412900', '0', '10-1 ปฐมภูมิ', '0');
INSERT INTO `chospital2` VALUES ('14130', 'สสช.บ้านกุยต๊ะ ', '04', '2', 'บ้านกุยต๊ะ หมู่ที่ 05 ต.แม่จัน ', '', '05', '04', '08', '63', '', '001413000', '0', '10-1 ปฐมภูมิ', '0');
INSERT INTO `chospital2` VALUES ('14223', 'รพ.สต.บ้านท่าโพธิ์ ตำบลแม่สำ', '03', '2', 'ม. 03 ต. แม่สำ อ. ศรีสัชนาลัย จ.สุโขทัย', '', '03', '03', '05', '64', '', '001422300', '0', '10-1 ปฐมภูมิ', '0');
INSERT INTO `chospital2` VALUES ('14280', 'รพ.สต.บ้านบึงท่ายวน', '03', '2', ' ม.9 บ้านบึงท่ายวน ต.คอรุม อ.พิชัย', '', '09', '05', '07', '53', '', '001428000', '0', '10-1 ปฐมภูมิ', '0');
INSERT INTO `chospital2` VALUES ('14991', 'สอ.เฉลิมพระเกียรติ 60 พรรษา นวมินทราชินี จ.เพชรบูรณ์', '03', '2', '', '', '11', '16', '03', '67', '', '001499100', '0', '10-1 ปฐมภูมิ', '0');
INSERT INTO `chospital2` VALUES ('15015', 'รพ.สต.บ้านห้วยไม้แป้น  ตำบลมหาวัน', '03', '2', 'บ้านห้วยไม้แป้น หมู่ที่ 05 ต.มหาวัน ', '', '05', '08', '06', '63', '', '001501500', '0', '10-1 ปฐมภูมิ', '0');
INSERT INTO `chospital2` VALUES ('15272', 'ศสช.พันปี', '09', '2', '', '', '00', '01', '01', '65', '', '001527200', '-', '10-1 ปฐมภูมิ', '-');
INSERT INTO `chospital2` VALUES ('15273', 'ศสช.มหานุภาพ', '09', '2', '', '', '00', '01', '01', '65', '', '001527300', '-', '10-1 ปฐมภูมิ', '-');
INSERT INTO `chospital2` VALUES ('15274', 'ศสช.พระองค์ขาว', '09', '2', '', '', '00', '01', '01', '65', '', '001527400', '-', '10-1 ปฐมภูมิ', '-');
INSERT INTO `chospital2` VALUES ('15282', 'ศสช.ประชาอุทิศ', '09', '2', '', '', '00', '01', '01', '65', '', '001528200', '-', '10-1 ปฐมภูมิ', '-');
INSERT INTO `chospital2` VALUES ('21982', 'รพ.สต.โป่งนกแก้ว ตำบลตะกุดไร', '03', '2', '', '', '01', '09', '02', '67', '', '002198200', '0', '10-1 ปฐมภูมิ', '0');
INSERT INTO `chospital2` VALUES ('24667', 'รพ.สต.บ้านกระบัง', '03', '2', null, null, '02', '05', '06', '65', null, null, '0', '10-1 ปฐมภูมิ', '0');
INSERT INTO `chospital2` VALUES ('25022', 'รพ.สต.แสนสุขพัฒนา', '03', '2', null, null, '20', '08', '08', '65', null, null, '0', '10-1 ปฐมภูมิ', '0');
INSERT INTO `chospital2` VALUES ('27443', 'รพช. วังเจ้า', '07', '1', '27443 รพช. วังเจ้า  22 ม.2 ต.เชียงทอง อ.วังเจ้า จ.', null, null, '01', '09', '63', null, null, '0', null, '0');
INSERT INTO `chospital2` VALUES ('77743', 'ศสช.รพ.วังทอง', '08', '2', '69 ม.13 ต.วังทอง อ.วังทอง จพิษณุโลก 65130', '', '13', '01', '08', '65', '65130', '001125602', '-', '10-1 ปฐมภูมิ', '-');
INSERT INTO `chospital2` VALUES ('77747', 'ศสช.ร่วมใจ', '08', '2', '653 ม.8 ต.วังทอง อ.วังทอง จ.พิษณุโลก 65130', '', '08', '01', '08', '65', '65130', '001125601', '0', null, null);
INSERT INTO `chospital2` VALUES ('77748', 'ศูนย์แพทย์ชุมชนเนินมะปราง', '03', '2', ' ม.2 ต.เนินมะปราง อ.เนินมะปราง จ.พิษณุโลก 65190', '', '02', '06', '09', '65', '65190', '001125701', '0', '10-1 ปฐมภูมิ', '0');
INSERT INTO `chospital2` VALUES ('77749', 'ศูนย์สุขภาพเมืองอรัญญิก', '03', '2', null, null, '02', '06', '01', '65', '65000', null, '0', '10-1 ปฐมภูมิ', '0');
INSERT INTO `chospital2` VALUES ('77750', 'ศสช.เขื่อนขันธ์', '09', '2', '', '', '03', '17', '01', '65', '', '001528000', '0', null, null);
INSERT INTO `chospital2` VALUES ('99789', 'หน่วยบริการปฐมภูมิรพ.กงไกรลาศ', '08', '2', 'ต.บ้านกร่าง อ.กงไกงลาศ จ.สุโขทัย 64170', '', '', '02', '04', '64', '64170', '001124601', '-', '10-1 ปฐมภูมิ', '-');
INSERT INTO `chospital2` VALUES ('99896', 'ศสช.บ้านร้องลึก', '08', '2', '127 ม.6ต.ผักขวง อ.ทองแสนขัน จ.อุตรดิตถ์ 53230', '', '06', '01', '09', '53', '53230', '001116501', '0', null, null);
INSERT INTO `chospital2` VALUES ('99917', 'ศสช.รพ.ศรีเทพ', '08', '2', '70 ม.12 ต.สระกรวด อ.ศรีเทพ จ.เพชรบูรณ์ 67170', '', '12', '02', '06', '67', '67170', '001126701', '-', '10-1 ปฐมภูมิ', '-');
INSERT INTO `chospital2` VALUES ('99921', 'ศสช.ตำบลในเมือง', '08', '2', 'บ้านใหม่คลองหอม ม.3 ต.ในเมือง อ.เมือง จ.สุโขทัย 64', '', '00', '02', '07', '64', '64110', '001124801', '-', '10-1 ปฐมภูมิ', '-');
INSERT INTO `chospital2` VALUES ('99922', 'ศสช.รพ.แม่สอด', '08', '2', '175/16 ต.แม่สอด อ.แม่สอด จ.ตาก 63110', '', '00', '01', '06', '63', '63110', '001072301', '-', '10-1 ปฐมภูมิ', '-');
INSERT INTO `chospital2` VALUES ('99974', 'หน่วยบิการปฐมภูมิรพ.สุโขทัย', '08', '2', '1/2 ม.12 ต.บ้านกล้วย อ.เมือง จสุโขทัย 64000', '', '12', '06', '01', '64', '64000', '001072401', '-', '10-1 ปฐมภูมิ', '-');
INSERT INTO `chospital2` VALUES ('99990', 'ศสช.รพ.อุตรดิตถ์(สาขา 2 วัดท้ายตลาด)', '08', '2', '424/1 ถ.สำราญรื่น ต.ท่าอิฐ อ.เมือง จ.อุตรดิตถ์ 530', '', '00', '01', '01', '53', '53000', '001067301', '-', '10-1 ปฐมภูมิ', '-');

-- ----------------------------
-- Table structure for ctambon
-- ----------------------------
DROP TABLE IF EXISTS `ctambon`;
CREATE TABLE `ctambon` (
  `tamboncode` varchar(2) NOT NULL,
  `tambonname` varchar(255) DEFAULT NULL,
  `tamboncodefull` varchar(6) NOT NULL,
  `ampurcode` varchar(4) NOT NULL,
  `changwatcode` varchar(2) NOT NULL,
  `flag_status` char(1) DEFAULT '0' COMMENT 'สถานนะของพื้นที่ 0=ปกติ 1=เลิกใช้(แยก/ย้ายไปพื้นที่อื่น)',
  PRIMARY KEY (`tamboncode`,`tamboncodefull`,`ampurcode`,`changwatcode`),
  KEY `idx1` (`tamboncodefull`) USING BTREE
) ENGINE=InnoDB DEFAULT CHARSET=utf8;

-- ----------------------------
-- Records of ctambon
-- ----------------------------
INSERT INTO `ctambon` VALUES ('01', 'ท่าอิฐ', '530101', '5301', '53', '0');
INSERT INTO `ctambon` VALUES ('01', 'วังแดง', '530201', '5302', '53', '0');
INSERT INTO `ctambon` VALUES ('01', 'ท่าปลา', '530301', '5303', '53', '0');
INSERT INTO `ctambon` VALUES ('01', 'แสนตอ', '530401', '5304', '53', '0');
INSERT INTO `ctambon` VALUES ('01', 'ฟากท่า', '530501', '5305', '53', '0');
INSERT INTO `ctambon` VALUES ('01', 'ม่วงเจ็ดต้น', '530601', '5306', '53', '0');
INSERT INTO `ctambon` VALUES ('01', 'ในเมือง', '530701', '5307', '53', '0');
INSERT INTO `ctambon` VALUES ('01', 'ศรีพนมมาศ', '530801', '5308', '53', '0');
INSERT INTO `ctambon` VALUES ('01', 'ผักขวง', '530901', '5309', '53', '0');
INSERT INTO `ctambon` VALUES ('01', 'ระแหง', '630101', '6301', '63', '0');
INSERT INTO `ctambon` VALUES ('01', 'ตากออก', '630201', '6302', '63', '0');
INSERT INTO `ctambon` VALUES ('01', 'สามเงา', '630301', '6303', '63', '0');
INSERT INTO `ctambon` VALUES ('01', 'แม่ระมาด', '630401', '6304', '63', '0');
INSERT INTO `ctambon` VALUES ('01', 'ท่าสองยาง', '630501', '6305', '63', '0');
INSERT INTO `ctambon` VALUES ('01', 'แม่สอด', '630601', '6306', '63', '0');
INSERT INTO `ctambon` VALUES ('01', 'พบพระ', '630701', '6307', '63', '0');
INSERT INTO `ctambon` VALUES ('01', 'อุ้มผาง', '630801', '6308', '63', '0');
INSERT INTO `ctambon` VALUES ('01', 'เชียงทอง', '630901', '6309', '63', '0');
INSERT INTO `ctambon` VALUES ('01', 'ธานี', '640101', '6401', '64', '0');
INSERT INTO `ctambon` VALUES ('01', 'ลานหอย', '640201', '6402', '64', '0');
INSERT INTO `ctambon` VALUES ('01', 'โตนด', '640301', '6403', '64', '0');
INSERT INTO `ctambon` VALUES ('01', 'กง', '640401', '6404', '64', '0');
INSERT INTO `ctambon` VALUES ('01', 'หาดเสี้ยว', '640501', '6405', '64', '0');
INSERT INTO `ctambon` VALUES ('01', 'คลองตาล', '640601', '6406', '64', '0');
INSERT INTO `ctambon` VALUES ('01', 'เมืองสวรรคโลก', '640701', '6407', '64', '0');
INSERT INTO `ctambon` VALUES ('01', 'ศรีนคร', '640801', '6408', '64', '0');
INSERT INTO `ctambon` VALUES ('01', 'บ้านใหม่ไชยมงคล', '640901', '6409', '64', '0');
INSERT INTO `ctambon` VALUES ('01', 'ในเมือง', '650101', '6501', '65', '0');
INSERT INTO `ctambon` VALUES ('01', 'นครไทย', '650201', '6502', '65', '0');
INSERT INTO `ctambon` VALUES ('01', 'ป่าแดง', '650301', '6503', '65', '0');
INSERT INTO `ctambon` VALUES ('01', 'บางระกำ', '650401', '6504', '65', '0');
INSERT INTO `ctambon` VALUES ('01', 'บางกระทุ่ม', '650501', '6505', '65', '0');
INSERT INTO `ctambon` VALUES ('01', 'พรหมพิราม', '650601', '6506', '65', '0');
INSERT INTO `ctambon` VALUES ('01', 'วัดโบสถ์', '650701', '6507', '65', '0');
INSERT INTO `ctambon` VALUES ('01', 'วังทอง', '650801', '6508', '65', '0');
INSERT INTO `ctambon` VALUES ('01', 'ชมพู', '650901', '6509', '65', '0');
INSERT INTO `ctambon` VALUES ('01', 'ในเมือง', '670101', '6701', '67', '0');
INSERT INTO `ctambon` VALUES ('01', 'ชนแดน', '670201', '6702', '67', '0');
INSERT INTO `ctambon` VALUES ('01', 'หล่มสัก', '670301', '6703', '67', '0');
INSERT INTO `ctambon` VALUES ('01', 'หล่มเก่า', '670401', '6704', '67', '0');
INSERT INTO `ctambon` VALUES ('01', 'ท่าโรง', '670501', '6705', '67', '0');
INSERT INTO `ctambon` VALUES ('01', 'ศรีเทพ', '670601', '6706', '67', '0');
INSERT INTO `ctambon` VALUES ('01', 'กองทูล', '670701', '6707', '67', '0');
INSERT INTO `ctambon` VALUES ('01', 'ซับสมอทอด', '670801', '6708', '67', '0');
INSERT INTO `ctambon` VALUES ('01', 'น้ำหนาว', '670901', '6709', '67', '0');
INSERT INTO `ctambon` VALUES ('01', 'วังโป่ง', '671001', '6710', '67', '0');
INSERT INTO `ctambon` VALUES ('01', 'ทุ่งสมอ', '671101', '6711', '67', '0');
INSERT INTO `ctambon` VALUES ('02', 'ท่าเสา', '530102', '5301', '53', '0');
INSERT INTO `ctambon` VALUES ('02', 'บ้านแก่ง', '530202', '5302', '53', '0');
INSERT INTO `ctambon` VALUES ('02', 'หาดล้า', '530302', '5303', '53', '0');
INSERT INTO `ctambon` VALUES ('02', 'บ้านฝาย', '530402', '5304', '53', '0');
INSERT INTO `ctambon` VALUES ('02', 'สองคอน', '530502', '5305', '53', '0');
INSERT INTO `ctambon` VALUES ('02', 'บ้านโคก', '530602', '5306', '53', '0');
INSERT INTO `ctambon` VALUES ('02', 'บ้านดารา', '530702', '5307', '53', '0');
INSERT INTO `ctambon` VALUES ('02', 'แม่พูล', '530802', '5308', '53', '0');
INSERT INTO `ctambon` VALUES ('02', 'บ่อทอง', '530902', '5309', '53', '0');
INSERT INTO `ctambon` VALUES ('02', 'หนองหลวง', '630102', '6301', '63', '0');
INSERT INTO `ctambon` VALUES ('02', 'สมอโคน', '630202', '6302', '63', '0');
INSERT INTO `ctambon` VALUES ('02', 'วังหมัน', '630302', '6303', '63', '0');
INSERT INTO `ctambon` VALUES ('02', 'แม่จะเรา', '630402', '6304', '63', '0');
INSERT INTO `ctambon` VALUES ('02', 'แม่ต้าน', '630502', '6305', '63', '0');
INSERT INTO `ctambon` VALUES ('02', 'แม่กุ', '630602', '6306', '63', '0');
INSERT INTO `ctambon` VALUES ('02', 'ช่องแคบ', '630702', '6307', '63', '0');
INSERT INTO `ctambon` VALUES ('02', 'หนองหลวง', '630802', '6308', '63', '0');
INSERT INTO `ctambon` VALUES ('02', 'นาโบสถ์', '630902', '6309', '63', '0');
INSERT INTO `ctambon` VALUES ('02', 'บ้านสวน', '640102', '6401', '64', '0');
INSERT INTO `ctambon` VALUES ('02', 'บ้านด่าน', '640202', '6402', '64', '0');
INSERT INTO `ctambon` VALUES ('02', 'ทุ่งหลวง', '640302', '6403', '64', '0');
INSERT INTO `ctambon` VALUES ('02', 'บ้านกร่าง', '640402', '6404', '64', '0');
INSERT INTO `ctambon` VALUES ('02', 'ป่างิ้ว', '640502', '6405', '64', '0');
INSERT INTO `ctambon` VALUES ('02', 'วังลึก', '640602', '6406', '64', '0');
INSERT INTO `ctambon` VALUES ('02', 'ในเมือง', '640702', '6407', '64', '0');
INSERT INTO `ctambon` VALUES ('02', 'นครเดิฐ', '640802', '6408', '64', '0');
INSERT INTO `ctambon` VALUES ('02', 'ไทยชนะศึก', '640902', '6409', '64', '0');
INSERT INTO `ctambon` VALUES ('02', 'วังน้ำคู้', '650102', '6501', '65', '0');
INSERT INTO `ctambon` VALUES ('02', 'หนองกะท้าว', '650202', '6502', '65', '0');
INSERT INTO `ctambon` VALUES ('02', 'ชาติตระการ', '650302', '6503', '65', '0');
INSERT INTO `ctambon` VALUES ('02', 'ปลักแรด', '650402', '6504', '65', '0');
INSERT INTO `ctambon` VALUES ('02', 'บ้านไร่', '650502', '6505', '65', '0');
INSERT INTO `ctambon` VALUES ('02', 'ท่าช้าง', '650602', '6506', '65', '0');
INSERT INTO `ctambon` VALUES ('02', 'ท่างาม', '650702', '6507', '65', '0');
INSERT INTO `ctambon` VALUES ('02', 'พันชาลี', '650802', '6508', '65', '0');
INSERT INTO `ctambon` VALUES ('02', 'บ้านมุง', '650902', '6509', '65', '0');
INSERT INTO `ctambon` VALUES ('02', 'ตะเบาะ', '670102', '6701', '67', '0');
INSERT INTO `ctambon` VALUES ('02', 'ดงขุย', '670202', '6702', '67', '0');
INSERT INTO `ctambon` VALUES ('02', 'วัดป่า', '670302', '6703', '67', '0');
INSERT INTO `ctambon` VALUES ('02', 'นาซำ', '670402', '6704', '67', '0');
INSERT INTO `ctambon` VALUES ('02', 'สระประดู่', '670502', '6705', '67', '0');
INSERT INTO `ctambon` VALUES ('02', 'สระกรวด', '670602', '6706', '67', '0');
INSERT INTO `ctambon` VALUES ('02', 'นาเฉลียง', '670702', '6707', '67', '0');
INSERT INTO `ctambon` VALUES ('02', 'ซับไม้แดง', '670802', '6708', '67', '0');
INSERT INTO `ctambon` VALUES ('02', 'หลักด่าน', '670902', '6709', '67', '0');
INSERT INTO `ctambon` VALUES ('02', 'ท้ายดง', '671002', '6710', '67', '0');
INSERT INTO `ctambon` VALUES ('02', 'แคมป์สน', '671102', '6711', '67', '0');
INSERT INTO `ctambon` VALUES ('03', 'บ้านเกาะ', '530103', '5301', '53', '0');
INSERT INTO `ctambon` VALUES ('03', 'หาดสองแคว', '530203', '5302', '53', '0');
INSERT INTO `ctambon` VALUES ('03', 'ผาเลือด', '530303', '5303', '53', '0');
INSERT INTO `ctambon` VALUES ('03', 'เด่นเหล็ก', '530403', '5304', '53', '0');
INSERT INTO `ctambon` VALUES ('03', 'บ้านเสี้ยว', '530503', '5305', '53', '0');
INSERT INTO `ctambon` VALUES ('03', 'นาขุม', '530603', '5306', '53', '0');
INSERT INTO `ctambon` VALUES ('03', 'ไร่อ้อย', '530703', '5307', '53', '0');
INSERT INTO `ctambon` VALUES ('03', 'นานกกก', '530803', '5308', '53', '0');
INSERT INTO `ctambon` VALUES ('03', 'ป่าคาย', '530903', '5309', '53', '0');
INSERT INTO `ctambon` VALUES ('03', 'เชียงเงิน', '630103', '6301', '63', '0');
INSERT INTO `ctambon` VALUES ('03', 'แม่สลิด', '630203', '6302', '63', '0');
INSERT INTO `ctambon` VALUES ('03', 'ยกกระบัตร', '630303', '6303', '63', '0');
INSERT INTO `ctambon` VALUES ('03', 'ขะเนจื้อ', '630403', '6304', '63', '0');
INSERT INTO `ctambon` VALUES ('03', 'แม่สอง', '630503', '6305', '63', '0');
INSERT INTO `ctambon` VALUES ('03', 'พะวอ', '630603', '6306', '63', '0');
INSERT INTO `ctambon` VALUES ('03', 'คีรีราษฎร์', '630703', '6307', '63', '0');
INSERT INTO `ctambon` VALUES ('03', 'โมโกร', '630803', '6308', '63', '0');
INSERT INTO `ctambon` VALUES ('03', 'ประดาง', '630903', '6309', '63', '0');
INSERT INTO `ctambon` VALUES ('03', 'เมืองเก่า', '640103', '6401', '64', '0');
INSERT INTO `ctambon` VALUES ('03', 'วังตะคร้อ', '640203', '6402', '64', '0');
INSERT INTO `ctambon` VALUES ('03', 'บ้านป้อม', '640303', '6403', '64', '0');
INSERT INTO `ctambon` VALUES ('03', 'ไกรนอก', '640403', '6404', '64', '0');
INSERT INTO `ctambon` VALUES ('03', 'แม่สำ', '640503', '6405', '64', '0');
INSERT INTO `ctambon` VALUES ('03', 'สามเรือน', '640603', '6406', '64', '0');
INSERT INTO `ctambon` VALUES ('03', 'คลองกระจง', '640703', '6407', '64', '0');
INSERT INTO `ctambon` VALUES ('03', 'น้ำขุม', '640803', '6408', '64', '0');
INSERT INTO `ctambon` VALUES ('03', 'ทุ่งเสลี่ยม', '640903', '6409', '64', '0');
INSERT INTO `ctambon` VALUES ('03', 'วัดจันทร์', '650103', '6501', '65', '0');
INSERT INTO `ctambon` VALUES ('03', 'บ้านแยง', '650203', '6502', '65', '0');
INSERT INTO `ctambon` VALUES ('03', 'สวนเมี่ยง', '650303', '6503', '65', '0');
INSERT INTO `ctambon` VALUES ('03', 'พันเสา', '650403', '6504', '65', '0');
INSERT INTO `ctambon` VALUES ('03', 'โคกสลุด', '650503', '6505', '65', '0');
INSERT INTO `ctambon` VALUES ('03', 'วงฆ้อง', '650603', '6506', '65', '0');
INSERT INTO `ctambon` VALUES ('03', 'ท้อแท้', '650703', '6507', '65', '0');
INSERT INTO `ctambon` VALUES ('03', 'แม่ระกา', '650803', '6508', '65', '0');
INSERT INTO `ctambon` VALUES ('03', 'ไทรย้อย', '650903', '6509', '65', '0');
INSERT INTO `ctambon` VALUES ('03', 'บ้านโตก', '670103', '6701', '67', '0');
INSERT INTO `ctambon` VALUES ('03', 'ท่าข้าม', '670203', '6702', '67', '0');
INSERT INTO `ctambon` VALUES ('03', 'ตาลเดี่ยว', '670303', '6703', '67', '0');
INSERT INTO `ctambon` VALUES ('03', 'หินฮาว', '670403', '6704', '67', '0');
INSERT INTO `ctambon` VALUES ('03', 'สามแยก', '670503', '6705', '67', '0');
INSERT INTO `ctambon` VALUES ('03', 'คลองกระจัง', '670603', '6706', '67', '0');
INSERT INTO `ctambon` VALUES ('03', 'บ้านโภชน์', '670703', '6707', '67', '0');
INSERT INTO `ctambon` VALUES ('03', 'หนองแจง', '670803', '6708', '67', '0');
INSERT INTO `ctambon` VALUES ('03', 'วังกวาง', '670903', '6709', '67', '0');
INSERT INTO `ctambon` VALUES ('03', 'ซับเปิบ', '671003', '6710', '67', '0');
INSERT INTO `ctambon` VALUES ('03', 'เขาค้อ', '671103', '6711', '67', '0');
INSERT INTO `ctambon` VALUES ('04', 'ป่าเซ่า', '530104', '5301', '53', '0');
INSERT INTO `ctambon` VALUES ('04', 'น้ำอ่าง', '530204', '5302', '53', '0');
INSERT INTO `ctambon` VALUES ('04', 'จริม', '530304', '5303', '53', '0');
INSERT INTO `ctambon` VALUES ('04', 'น้ำไคร้', '530404', '5304', '53', '0');
INSERT INTO `ctambon` VALUES ('04', 'สองห้อง', '530504', '5305', '53', '0');
INSERT INTO `ctambon` VALUES ('04', 'บ่อเบี้ย', '530604', '5306', '53', '0');
INSERT INTO `ctambon` VALUES ('04', 'ท่าสัก', '530704', '5307', '53', '0');
INSERT INTO `ctambon` VALUES ('04', 'ฝายหลวง', '530804', '5308', '53', '0');
INSERT INTO `ctambon` VALUES ('04', 'น้ำพี้', '530904', '5309', '53', '0');
INSERT INTO `ctambon` VALUES ('04', 'หัวเดียด', '630104', '6301', '63', '0');
INSERT INTO `ctambon` VALUES ('04', 'ตากตก', '630204', '6302', '63', '0');
INSERT INTO `ctambon` VALUES ('04', 'ย่านรี', '630304', '6303', '63', '0');
INSERT INTO `ctambon` VALUES ('04', 'แม่ตื่น', '630404', '6304', '63', '0');
INSERT INTO `ctambon` VALUES ('04', 'แม่หละ', '630504', '6305', '63', '0');
INSERT INTO `ctambon` VALUES ('04', 'แม่ตาว', '630604', '6306', '63', '0');
INSERT INTO `ctambon` VALUES ('04', 'วาเล่ย์', '630704', '6307', '63', '0');
INSERT INTO `ctambon` VALUES ('04', 'แม่จัน', '630804', '6308', '63', '0');
INSERT INTO `ctambon` VALUES ('04', 'ปากแคว', '640104', '6401', '64', '0');
INSERT INTO `ctambon` VALUES ('04', 'วังน้ำขาว', '640204', '6402', '64', '0');
INSERT INTO `ctambon` VALUES ('04', 'สามพวง', '640304', '6403', '64', '0');
INSERT INTO `ctambon` VALUES ('04', 'ไกรกลาง', '640404', '6404', '64', '0');
INSERT INTO `ctambon` VALUES ('04', 'แม่สิน', '640504', '6405', '64', '0');
INSERT INTO `ctambon` VALUES ('04', 'บ้านนา', '640604', '6406', '64', '0');
INSERT INTO `ctambon` VALUES ('04', 'วังพิณพาทย์', '640704', '6407', '64', '0');
INSERT INTO `ctambon` VALUES ('04', 'คลองมะพลับ', '640804', '6408', '64', '0');
INSERT INTO `ctambon` VALUES ('04', 'กลางดง', '640904', '6409', '64', '0');
INSERT INTO `ctambon` VALUES ('04', 'วัดพริก', '650104', '6501', '65', '0');
INSERT INTO `ctambon` VALUES ('04', 'เนินเพิ่ม', '650204', '6502', '65', '0');
INSERT INTO `ctambon` VALUES ('04', 'บ้านดง', '650304', '6503', '65', '0');
INSERT INTO `ctambon` VALUES ('04', 'วังอิทก', '650404', '6504', '65', '0');
INSERT INTO `ctambon` VALUES ('04', 'สนามคลี', '650504', '6505', '65', '0');
INSERT INTO `ctambon` VALUES ('04', 'มะตูม', '650604', '6506', '65', '0');
INSERT INTO `ctambon` VALUES ('04', 'บ้านยาง', '650704', '6507', '65', '0');
INSERT INTO `ctambon` VALUES ('04', 'บ้านกลาง', '650804', '6508', '65', '0');
INSERT INTO `ctambon` VALUES ('04', 'วังโพรง', '650904', '6509', '65', '0');
INSERT INTO `ctambon` VALUES ('04', 'สะเดียง', '670104', '6701', '67', '0');
INSERT INTO `ctambon` VALUES ('04', 'พุทธบาท', '670204', '6702', '67', '0');
INSERT INTO `ctambon` VALUES ('04', 'ฝายนาแซง', '670304', '6703', '67', '0');
INSERT INTO `ctambon` VALUES ('04', 'บ้านเนิน', '670404', '6704', '67', '0');
INSERT INTO `ctambon` VALUES ('04', 'โคกปรง', '670504', '6705', '67', '0');
INSERT INTO `ctambon` VALUES ('04', 'นาสนุ่น', '670604', '6706', '67', '0');
INSERT INTO `ctambon` VALUES ('04', 'ท่าแดง', '670704', '6707', '67', '0');
INSERT INTO `ctambon` VALUES ('04', 'กันจุ', '670804', '6708', '67', '0');
INSERT INTO `ctambon` VALUES ('04', 'โคกมน', '670904', '6709', '67', '0');
INSERT INTO `ctambon` VALUES ('04', 'วังหิน', '671004', '6710', '67', '0');
INSERT INTO `ctambon` VALUES ('04', 'ริมสีม่วง', '671104', '6711', '67', '0');
INSERT INTO `ctambon` VALUES ('05', 'คุ้งตะเภา', '530105', '5301', '53', '0');
INSERT INTO `ctambon` VALUES ('05', 'ข่อยสูง', '530205', '5302', '53', '0');
INSERT INTO `ctambon` VALUES ('05', 'น้ำหมัน', '530305', '5303', '53', '0');
INSERT INTO `ctambon` VALUES ('05', 'น้ำไผ่', '530405', '5304', '53', '0');
INSERT INTO `ctambon` VALUES ('05', 'คอรุม', '530705', '5307', '53', '0');
INSERT INTO `ctambon` VALUES ('05', 'ชัยจุมพล', '530805', '5308', '53', '0');
INSERT INTO `ctambon` VALUES ('05', 'หนองบัวเหนือ', '630105', '6301', '63', '0');
INSERT INTO `ctambon` VALUES ('05', 'เกาะตะเภา', '630205', '6302', '63', '0');
INSERT INTO `ctambon` VALUES ('05', 'บ้านนา', '630305', '6303', '63', '0');
INSERT INTO `ctambon` VALUES ('05', 'สามหมื่น', '630405', '6304', '63', '0');
INSERT INTO `ctambon` VALUES ('05', 'แม่วะหลวง', '630505', '6305', '63', '0');
INSERT INTO `ctambon` VALUES ('05', 'แม่กาษา', '630605', '6306', '63', '0');
INSERT INTO `ctambon` VALUES ('05', 'รวมไทยพัฒนา', '630705', '6307', '63', '0');
INSERT INTO `ctambon` VALUES ('05', 'แม่ละมุ้ง', '630805', '6308', '63', '0');
INSERT INTO `ctambon` VALUES ('05', 'ยางซ้าย', '640105', '6401', '64', '0');
INSERT INTO `ctambon` VALUES ('05', 'ตลิ่งชัน', '640205', '6402', '64', '0');
INSERT INTO `ctambon` VALUES ('05', 'ศรีคีรีมาศ', '640305', '6403', '64', '0');
INSERT INTO `ctambon` VALUES ('05', 'ไกรใน', '640405', '6404', '64', '0');
INSERT INTO `ctambon` VALUES ('05', 'บ้านตึก', '640505', '6405', '64', '0');
INSERT INTO `ctambon` VALUES ('05', 'วังทอง', '640605', '6406', '64', '0');
INSERT INTO `ctambon` VALUES ('05', 'วังไม้ขอน', '640705', '6407', '64', '0');
INSERT INTO `ctambon` VALUES ('05', 'หนองบัว', '640805', '6408', '64', '0');
INSERT INTO `ctambon` VALUES ('05', 'เขาแก้วศรีสมบูรณ์', '640905', '6409', '64', '0');
INSERT INTO `ctambon` VALUES ('05', 'ท่าทอง', '650105', '6501', '65', '0');
INSERT INTO `ctambon` VALUES ('05', 'นาบัว', '650205', '6502', '65', '0');
INSERT INTO `ctambon` VALUES ('05', 'บ่อภาค', '650305', '6503', '65', '0');
INSERT INTO `ctambon` VALUES ('05', 'บึงกอก', '650405', '6504', '65', '0');
INSERT INTO `ctambon` VALUES ('05', 'ท่าตาล', '650505', '6505', '65', '0');
INSERT INTO `ctambon` VALUES ('05', 'หอกลอง', '650605', '6506', '65', '0');
INSERT INTO `ctambon` VALUES ('05', 'หินลาด', '650705', '6507', '65', '0');
INSERT INTO `ctambon` VALUES ('05', 'วังพิกุล', '650805', '6508', '65', '0');
INSERT INTO `ctambon` VALUES ('05', 'บ้านน้อยซุ้มขี้เหล็ก', '650905', '6509', '65', '0');
INSERT INTO `ctambon` VALUES ('05', 'ป่าเลา', '670105', '6701', '67', '0');
INSERT INTO `ctambon` VALUES ('05', 'ลาดแค', '670205', '6702', '67', '0');
INSERT INTO `ctambon` VALUES ('05', 'หนองสว่าง', '670305', '6703', '67', '0');
INSERT INTO `ctambon` VALUES ('05', 'ศิลา', '670405', '6704', '67', '0');
INSERT INTO `ctambon` VALUES ('05', 'น้ำร้อน', '670505', '6705', '67', '0');
INSERT INTO `ctambon` VALUES ('05', 'โคกสะอาด', '670605', '6706', '67', '0');
INSERT INTO `ctambon` VALUES ('05', 'เพชรละคร', '670705', '6707', '67', '0');
INSERT INTO `ctambon` VALUES ('05', 'วังพิกุล', '670805', '6708', '67', '0');
INSERT INTO `ctambon` VALUES ('05', 'วังศาล', '671005', '6710', '67', '0');
INSERT INTO `ctambon` VALUES ('05', 'สะเดาะพง', '671105', '6711', '67', '0');
INSERT INTO `ctambon` VALUES ('06', 'วังกะพี้', '530106', '5301', '53', '0');
INSERT INTO `ctambon` VALUES ('06', 'ท่าแฝก', '530306', '5303', '53', '0');
INSERT INTO `ctambon` VALUES ('06', 'ห้วยมุ่น', '530406', '5304', '53', '0');
INSERT INTO `ctambon` VALUES ('06', 'บ้านหม้อ', '530706', '5307', '53', '0');
INSERT INTO `ctambon` VALUES ('06', 'ไผ่ล้อม', '530806', '5308', '53', '0');
INSERT INTO `ctambon` VALUES ('06', 'ไม้งาม', '630106', '6301', '63', '0');
INSERT INTO `ctambon` VALUES ('06', 'ทุ่งกระเชาะ', '630206', '6302', '63', '0');
INSERT INTO `ctambon` VALUES ('06', 'วังจันทร์', '630306', '6303', '63', '0');
INSERT INTO `ctambon` VALUES ('06', 'พระธาตุ', '630406', '6304', '63', '0');
INSERT INTO `ctambon` VALUES ('06', 'แม่อุสุ', '630506', '6305', '63', '0');
INSERT INTO `ctambon` VALUES ('06', 'ท่าสายลวด', '630606', '6306', '63', '0');
INSERT INTO `ctambon` VALUES ('06', 'แม่กลอง', '630806', '6308', '63', '0');
INSERT INTO `ctambon` VALUES ('06', 'บ้านกล้วย', '640106', '6401', '64', '0');
INSERT INTO `ctambon` VALUES ('06', 'หนองหญ้าปล้อง', '640206', '6402', '64', '0');
INSERT INTO `ctambon` VALUES ('06', 'หนองจิก', '640306', '6403', '64', '0');
INSERT INTO `ctambon` VALUES ('06', 'ดงเดือย', '640406', '6404', '64', '0');
INSERT INTO `ctambon` VALUES ('06', 'หนองอ้อ', '640506', '6405', '64', '0');
INSERT INTO `ctambon` VALUES ('06', 'นาขุนไกร', '640606', '6406', '64', '0');
INSERT INTO `ctambon` VALUES ('06', 'ย่านยาว', '640706', '6407', '64', '0');
INSERT INTO `ctambon` VALUES ('06', 'ท่าโพธิ์', '650106', '6501', '65', '0');
INSERT INTO `ctambon` VALUES ('06', 'นครชุม', '650206', '6502', '65', '0');
INSERT INTO `ctambon` VALUES ('06', 'ท่าสะแก', '650306', '6503', '65', '0');
INSERT INTO `ctambon` VALUES ('06', 'หนองกุลา', '650406', '6504', '65', '0');
INSERT INTO `ctambon` VALUES ('06', 'ไผ่ล้อม', '650506', '6505', '65', '0');
INSERT INTO `ctambon` VALUES ('06', 'ศรีภิรมย์', '650606', '6506', '65', '0');
INSERT INTO `ctambon` VALUES ('06', 'คันโช้ง', '650706', '6507', '65', '0');
INSERT INTO `ctambon` VALUES ('06', 'แก่งโสภา', '650806', '6508', '65', '0');
INSERT INTO `ctambon` VALUES ('06', 'เนินมะปราง', '650906', '6509', '65', '0');
INSERT INTO `ctambon` VALUES ('06', 'นางั่ว', '670106', '6701', '67', '0');
INSERT INTO `ctambon` VALUES ('06', 'บ้านกล้วย', '670206', '6702', '67', '0');
INSERT INTO `ctambon` VALUES ('06', 'น้ำเฮี้ย', '670306', '6703', '67', '0');
INSERT INTO `ctambon` VALUES ('06', 'นาแซง', '670406', '6704', '67', '0');
INSERT INTO `ctambon` VALUES ('06', 'บ่อรัง', '670506', '6705', '67', '0');
INSERT INTO `ctambon` VALUES ('06', 'หนองย่างทอย', '670606', '6706', '67', '0');
INSERT INTO `ctambon` VALUES ('06', 'บ่อไทย', '670706', '6707', '67', '0');
INSERT INTO `ctambon` VALUES ('06', 'พญาวัง', '670806', '6708', '67', '0');
INSERT INTO `ctambon` VALUES ('06', 'หนองแม่นา', '671106', '6711', '67', '0');
INSERT INTO `ctambon` VALUES ('07', 'หาดกรวด', '530107', '5301', '53', '0');
INSERT INTO `ctambon` VALUES ('07', 'นางพญา', '530307', '5303', '53', '0');
INSERT INTO `ctambon` VALUES ('07', 'ท่ามะเฟือง', '530707', '5307', '53', '0');
INSERT INTO `ctambon` VALUES ('07', 'ทุ่งยั้ง', '530807', '5308', '53', '0');
INSERT INTO `ctambon` VALUES ('07', 'โป่งแดง', '630107', '6301', '63', '0');
INSERT INTO `ctambon` VALUES ('07', 'ท้องฟ้า', '630207', '6302', '63', '0');
INSERT INTO `ctambon` VALUES ('07', 'แม่ปะ', '630607', '6306', '63', '0');
INSERT INTO `ctambon` VALUES ('07', 'บ้านหลุม', '640107', '6401', '64', '0');
INSERT INTO `ctambon` VALUES ('07', 'วังลึก', '640207', '6402', '64', '0');
INSERT INTO `ctambon` VALUES ('07', 'นาเชิงคีรี', '640307', '6403', '64', '0');
INSERT INTO `ctambon` VALUES ('07', 'ป่าแฝก', '640407', '6404', '64', '0');
INSERT INTO `ctambon` VALUES ('07', 'ท่าชัย', '640507', '6405', '64', '0');
INSERT INTO `ctambon` VALUES ('07', 'เกาะตาเลี้ยง', '640607', '6406', '64', '0');
INSERT INTO `ctambon` VALUES ('07', 'นาทุ่ง', '640707', '6407', '64', '0');
INSERT INTO `ctambon` VALUES ('07', 'สมอแข', '650107', '6501', '65', '0');
INSERT INTO `ctambon` VALUES ('07', 'น้ำกุ่ม', '650207', '6502', '65', '0');
INSERT INTO `ctambon` VALUES ('07', 'ชุมแสงสงคราม', '650407', '6504', '65', '0');
INSERT INTO `ctambon` VALUES ('07', 'นครป่าหมาก', '650507', '6505', '65', '0');
INSERT INTO `ctambon` VALUES ('07', 'ตลุกเทียม', '650607', '6506', '65', '0');
INSERT INTO `ctambon` VALUES ('07', 'ท่าหมื่นราม', '650807', '6508', '65', '0');
INSERT INTO `ctambon` VALUES ('07', 'วังยาง', '650907', '6509', '65', '0');
INSERT INTO `ctambon` VALUES ('07', 'ท่าพล', '670107', '6701', '67', '0');
INSERT INTO `ctambon` VALUES ('07', 'สักหลง', '670307', '6703', '67', '0');
INSERT INTO `ctambon` VALUES ('07', 'วังบาล', '670407', '6704', '67', '0');
INSERT INTO `ctambon` VALUES ('07', 'พุเตย', '670507', '6705', '67', '0');
INSERT INTO `ctambon` VALUES ('07', 'ประดู่งาม', '670607', '6706', '67', '0');
INSERT INTO `ctambon` VALUES ('07', 'ห้วยโป่ง', '670707', '6707', '67', '0');
INSERT INTO `ctambon` VALUES ('07', 'ศรีมงคล', '670807', '6708', '67', '0');
INSERT INTO `ctambon` VALUES ('07', 'เข็กน้อย', '671107', '6711', '67', '0');
INSERT INTO `ctambon` VALUES ('08', 'น้ำริด', '530108', '5301', '53', '0');
INSERT INTO `ctambon` VALUES ('08', 'ร่วมจิต', '530308', '5303', '53', '0');
INSERT INTO `ctambon` VALUES ('08', 'บ้านโคน', '530708', '5307', '53', '0');
INSERT INTO `ctambon` VALUES ('08', 'ด่านแม่คำมัน', '530808', '5308', '53', '0');
INSERT INTO `ctambon` VALUES ('08', 'น้ำรึม', '630108', '6301', '63', '0');
INSERT INTO `ctambon` VALUES ('08', 'มหาวัน', '630608', '6306', '63', '0');
INSERT INTO `ctambon` VALUES ('08', 'ตาลเตี้ย', '640108', '6401', '64', '0');
INSERT INTO `ctambon` VALUES ('08', 'หนองกระดิ่ง', '640308', '6403', '64', '0');
INSERT INTO `ctambon` VALUES ('08', 'กกแรต', '640408', '6404', '64', '0');
INSERT INTO `ctambon` VALUES ('08', 'ศรีสัชนาลัย', '640508', '6405', '64', '0');
INSERT INTO `ctambon` VALUES ('08', 'วัดเกาะ', '640608', '6406', '64', '0');
INSERT INTO `ctambon` VALUES ('08', 'คลองยาง', '640708', '6407', '64', '0');
INSERT INTO `ctambon` VALUES ('08', 'ดอนทอง', '650108', '6501', '65', '0');
INSERT INTO `ctambon` VALUES ('08', 'ยางโกลน', '650208', '6502', '65', '0');
INSERT INTO `ctambon` VALUES ('08', 'นิคมพัฒนา', '650408', '6504', '65', '0');
INSERT INTO `ctambon` VALUES ('08', 'เนินกุ่ม', '650508', '6505', '65', '0');
INSERT INTO `ctambon` VALUES ('08', 'วังวน', '650608', '6506', '65', '0');
INSERT INTO `ctambon` VALUES ('08', 'วังนกแอ่น', '650808', '6508', '65', '0');
INSERT INTO `ctambon` VALUES ('08', 'โคกแหลม', '650908', '6509', '65', '0');
INSERT INTO `ctambon` VALUES ('08', 'ดงมูลเหล็ก', '670108', '6701', '67', '0');
INSERT INTO `ctambon` VALUES ('08', 'ซับพุทรา', '670208', '6702', '67', '0');
INSERT INTO `ctambon` VALUES ('08', 'ท่าอิบุญ', '670308', '6703', '67', '0');
INSERT INTO `ctambon` VALUES ('08', 'นาเกาะ', '670408', '6704', '67', '0');
INSERT INTO `ctambon` VALUES ('08', 'พุขาม', '670508', '6705', '67', '0');
INSERT INTO `ctambon` VALUES ('08', 'วังท่าดี', '670708', '6707', '67', '0');
INSERT INTO `ctambon` VALUES ('08', 'สระแก้ว', '670808', '6708', '67', '0');
INSERT INTO `ctambon` VALUES ('09', 'งิ้วงาม', '530109', '5301', '53', '0');
INSERT INTO `ctambon` VALUES ('09', 'พญาแมน', '530709', '5307', '53', '0');
INSERT INTO `ctambon` VALUES ('09', 'วังหิน', '630109', '6301', '63', '0');
INSERT INTO `ctambon` VALUES ('09', 'ด่านแม่ละเมา', '630609', '6306', '63', '0');
INSERT INTO `ctambon` VALUES ('09', 'ปากพระ', '640109', '6401', '64', '0');
INSERT INTO `ctambon` VALUES ('09', 'บ้านน้ำพุ', '640309', '6403', '64', '0');
INSERT INTO `ctambon` VALUES ('09', 'ท่าฉนวน', '640409', '6404', '64', '0');
INSERT INTO `ctambon` VALUES ('09', 'ดงคู่', '640509', '6405', '64', '0');
INSERT INTO `ctambon` VALUES ('09', 'บ้านไร่', '640609', '6406', '64', '0');
INSERT INTO `ctambon` VALUES ('09', 'เมืองบางยม', '640709', '6407', '64', '0');
INSERT INTO `ctambon` VALUES ('09', 'บ้านป่า', '650109', '6501', '65', '0');
INSERT INTO `ctambon` VALUES ('09', 'บ่อโพธิ์', '650209', '6502', '65', '0');
INSERT INTO `ctambon` VALUES ('09', 'บ่อทอง', '650409', '6504', '65', '0');
INSERT INTO `ctambon` VALUES ('09', 'วัดตายม', '650509', '6505', '65', '0');
INSERT INTO `ctambon` VALUES ('09', 'หนองแขม', '650609', '6506', '65', '0');
INSERT INTO `ctambon` VALUES ('09', 'หนองพระ', '650809', '6508', '65', '0');
INSERT INTO `ctambon` VALUES ('09', 'บ้านโคก', '670109', '6701', '67', '0');
INSERT INTO `ctambon` VALUES ('09', 'ตะกุดไร', '670209', '6702', '67', '0');
INSERT INTO `ctambon` VALUES ('09', 'บ้านโสก', '670309', '6703', '67', '0');
INSERT INTO `ctambon` VALUES ('09', 'ตาดกลอย', '670409', '6704', '67', '0');
INSERT INTO `ctambon` VALUES ('09', 'ภูน้ำหยด', '670509', '6705', '67', '0');
INSERT INTO `ctambon` VALUES ('09', 'บัววัฒนา', '670709', '6707', '67', '0');
INSERT INTO `ctambon` VALUES ('09', 'บึงสามพัน', '670809', '6708', '67', '0');
INSERT INTO `ctambon` VALUES ('10', 'บ้านด่านนาขาม', '530110', '5301', '53', '0');
INSERT INTO `ctambon` VALUES ('10', 'นาอิน', '530710', '5307', '53', '0');
INSERT INTO `ctambon` VALUES ('10', 'เชียงทอง', '630110', '6301', '63', '0');
INSERT INTO `ctambon` VALUES ('10', 'พระธาตุผาแดง', '630610', '6306', '63', '0');
INSERT INTO `ctambon` VALUES ('10', 'วังทองแดง', '640110', '6401', '64', '0');
INSERT INTO `ctambon` VALUES ('10', 'ทุ่งยางเมือง', '640310', '6403', '64', '0');
INSERT INTO `ctambon` VALUES ('10', 'หนองตูม', '640410', '6404', '64', '0');
INSERT INTO `ctambon` VALUES ('10', 'บ้านแก่ง', '640510', '6405', '64', '0');
INSERT INTO `ctambon` VALUES ('10', 'ทับผึ้ง', '640610', '6406', '64', '0');
INSERT INTO `ctambon` VALUES ('10', 'ท่าทอง', '640710', '6407', '64', '0');
INSERT INTO `ctambon` VALUES ('10', 'ปากโทก', '650110', '6501', '65', '0');
INSERT INTO `ctambon` VALUES ('10', 'บ้านพร้าว', '650210', '6502', '65', '0');
INSERT INTO `ctambon` VALUES ('10', 'ท่านางงาม', '650410', '6504', '65', '0');
INSERT INTO `ctambon` VALUES ('10', 'มะต้อง', '650610', '6506', '65', '0');
INSERT INTO `ctambon` VALUES ('10', 'ชัยนาม', '650810', '6508', '65', '0');
INSERT INTO `ctambon` VALUES ('10', 'ชอนไพร', '670110', '6701', '67', '0');
INSERT INTO `ctambon` VALUES ('10', 'ศาลาลาย', '670210', '6702', '67', '0');
INSERT INTO `ctambon` VALUES ('10', 'บ้านติ้ว', '670310', '6703', '67', '0');
INSERT INTO `ctambon` VALUES ('10', 'ซับสมบูรณ์', '670510', '6705', '67', '0');
INSERT INTO `ctambon` VALUES ('10', 'หนองไผ่', '670710', '6707', '67', '0');
INSERT INTO `ctambon` VALUES ('11', 'บ้านด่าน', '530111', '5301', '53', '0');
INSERT INTO `ctambon` VALUES ('11', 'นายาง', '530711', '5307', '53', '0');
INSERT INTO `ctambon` VALUES ('11', 'แม่ท้อ', '630111', '6301', '63', '0');
INSERT INTO `ctambon` VALUES ('11', 'บ้านใหม่สุขเกษม', '640411', '6404', '64', '0');
INSERT INTO `ctambon` VALUES ('11', 'สารจิตร', '640511', '6405', '64', '0');
INSERT INTO `ctambon` VALUES ('11', 'บ้านซ่าน', '640611', '6406', '64', '0');
INSERT INTO `ctambon` VALUES ('11', 'ปากน้ำ', '640711', '6407', '64', '0');
INSERT INTO `ctambon` VALUES ('11', 'หัวรอ', '650111', '6501', '65', '0');
INSERT INTO `ctambon` VALUES ('11', 'ห้วยเฮี้ย', '650211', '6502', '65', '0');
INSERT INTO `ctambon` VALUES ('11', 'คุยม่วง', '650411', '6504', '65', '0');
INSERT INTO `ctambon` VALUES ('11', 'ทับยายเชียง', '650611', '6506', '65', '0');
INSERT INTO `ctambon` VALUES ('11', 'ดินทอง', '650811', '6508', '65', '0');
INSERT INTO `ctambon` VALUES ('11', 'นาป่า', '670111', '6701', '67', '0');
INSERT INTO `ctambon` VALUES ('11', 'ห้วยไร่', '670311', '6703', '67', '0');
INSERT INTO `ctambon` VALUES ('11', 'บึงกระจับ', '670511', '6705', '67', '0');
INSERT INTO `ctambon` VALUES ('11', 'วังโบสถ์', '670711', '6707', '67', '0');
INSERT INTO `ctambon` VALUES ('12', 'ผาจุก', '530112', '5301', '53', '0');
INSERT INTO `ctambon` VALUES ('12', 'ป่ามะม่วง', '630112', '6301', '63', '0');
INSERT INTO `ctambon` VALUES ('12', 'วังใหญ่', '640612', '6406', '64', '0');
INSERT INTO `ctambon` VALUES ('12', 'ป่ากุมเกาะ', '640712', '6407', '64', '0');
INSERT INTO `ctambon` VALUES ('12', 'จอมทอง', '650112', '6501', '65', '0');
INSERT INTO `ctambon` VALUES ('12', 'ดงประคำ', '650612', '6506', '65', '0');
INSERT INTO `ctambon` VALUES ('12', 'นายม', '670112', '6701', '67', '0');
INSERT INTO `ctambon` VALUES ('12', 'น้ำก้อ', '670312', '6703', '67', '0');
INSERT INTO `ctambon` VALUES ('12', 'วังใหญ่', '670512', '6705', '67', '0');
INSERT INTO `ctambon` VALUES ('12', 'ยางงาม', '670712', '6707', '67', '0');
INSERT INTO `ctambon` VALUES ('13', 'วังดิน', '530113', '5301', '53', '0');
INSERT INTO `ctambon` VALUES ('13', 'หนองบัวใต้', '630113', '6301', '63', '0');
INSERT INTO `ctambon` VALUES ('13', 'ราวต้นจันทร์', '640613', '6406', '64', '0');
INSERT INTO `ctambon` VALUES ('13', 'เมืองบางขลัง', '640713', '6407', '64', '0');
INSERT INTO `ctambon` VALUES ('13', 'บ้านกร่าง', '650113', '6501', '65', '0');
INSERT INTO `ctambon` VALUES ('13', 'วังชมภู', '670113', '6701', '67', '0');
INSERT INTO `ctambon` VALUES ('13', 'ปากช่อง', '670313', '6703', '67', '0');
INSERT INTO `ctambon` VALUES ('13', 'ยางสาว', '670513', '6705', '67', '0');
INSERT INTO `ctambon` VALUES ('13', 'ท่าด้วง', '670713', '6707', '67', '0');
INSERT INTO `ctambon` VALUES ('14', 'แสนตอ', '530114', '5301', '53', '0');
INSERT INTO `ctambon` VALUES ('14', 'วังประจบ', '630114', '6301', '63', '0');
INSERT INTO `ctambon` VALUES ('14', 'หนองกลับ', '640714', '6407', '64', '0');
INSERT INTO `ctambon` VALUES ('14', 'บ้านคลอง', '650114', '6501', '65', '0');
INSERT INTO `ctambon` VALUES ('14', 'น้ำร้อน', '670114', '6701', '67', '0');
INSERT INTO `ctambon` VALUES ('14', 'น้ำชุน', '670314', '6703', '67', '0');
INSERT INTO `ctambon` VALUES ('14', 'ซับน้อย', '670514', '6705', '67', '0');
INSERT INTO `ctambon` VALUES ('15', 'หาดงิ้ว', '530115', '5301', '53', '0');
INSERT INTO `ctambon` VALUES ('15', 'ตลุกกลางทุ่ง', '630115', '6301', '63', '0');
INSERT INTO `ctambon` VALUES ('15', 'พลายชุมพล', '650115', '6501', '65', '0');
INSERT INTO `ctambon` VALUES ('15', 'ห้วยสะแก', '670115', '6701', '67', '0');
INSERT INTO `ctambon` VALUES ('15', 'หนองไขว่', '670315', '6703', '67', '0');
INSERT INTO `ctambon` VALUES ('16', 'ขุนฝาง', '530116', '5301', '53', '0');
INSERT INTO `ctambon` VALUES ('16', 'นาโบสถ์', '630116', '6301', '63', '0');
INSERT INTO `ctambon` VALUES ('16', 'มะขามสูง', '650116', '6501', '65', '0');
INSERT INTO `ctambon` VALUES ('16', 'ห้วยใหญ่', '670116', '6701', '67', '0');
INSERT INTO `ctambon` VALUES ('16', 'ลานบ่า', '670316', '6703', '67', '0');
INSERT INTO `ctambon` VALUES ('17', 'ถ้ำฉลอง', '530117', '5301', '53', '0');
INSERT INTO `ctambon` VALUES ('17', 'ประดาง', '630117', '6301', '63', '0');
INSERT INTO `ctambon` VALUES ('17', 'อรัญญิก', '650117', '6501', '65', '0');
INSERT INTO `ctambon` VALUES ('17', 'ระวิง', '670117', '6701', '67', '0');
INSERT INTO `ctambon` VALUES ('17', 'บุ่งคล้า', '670317', '6703', '67', '0');
INSERT INTO `ctambon` VALUES ('18', 'บึงพระ', '650118', '6501', '65', '0');
INSERT INTO `ctambon` VALUES ('18', 'บุ่งน้ำเต้า', '670318', '6703', '67', '0');
INSERT INTO `ctambon` VALUES ('19', 'ไผ่ขอดอน', '650119', '6501', '65', '0');
INSERT INTO `ctambon` VALUES ('19', 'บ้านกลาง', '670319', '6703', '67', '0');
INSERT INTO `ctambon` VALUES ('20', 'งิ้วงาม', '650120', '6501', '65', '0');
INSERT INTO `ctambon` VALUES ('20', 'ช้างตะลูด', '670320', '6703', '67', '0');
INSERT INTO `ctambon` VALUES ('21', 'บ้านไร่', '670321', '6703', '67', '0');
INSERT INTO `ctambon` VALUES ('22', 'ปากดุก', '670322', '6703', '67', '0');
INSERT INTO `ctambon` VALUES ('23', 'บ้านหวาย', '670323', '6703', '67', '0');

-- ----------------------------
-- Table structure for dashboard_504
-- ----------------------------
DROP TABLE IF EXISTS `dashboard_504`;
CREATE TABLE `dashboard_504` (
  `rep_year` varchar(4) NOT NULL,
  `provcode` varchar(2) NOT NULL,
  `total1` int(11) DEFAULT NULL,
  `total2` int(11) DEFAULT NULL,
  `total3` int(11) DEFAULT NULL,
  `total4` int(11) DEFAULT NULL,
  PRIMARY KEY (`rep_year`,`provcode`)
) ENGINE=MyISAM DEFAULT CHARSET=utf8 ROW_FORMAT=DYNAMIC;

-- ----------------------------
-- Records of dashboard_504
-- ----------------------------
INSERT INTO `dashboard_504` VALUES ('2015', '65', '38527', '391840', '395079', '243957');
INSERT INTO `dashboard_504` VALUES ('2014', '65', '10619', '414067', '415410', '265219');

-- ----------------------------
-- Table structure for dashboard_top10_ipd
-- ----------------------------
DROP TABLE IF EXISTS `dashboard_top10_ipd`;
CREATE TABLE `dashboard_top10_ipd` (
  `rep_year` varchar(4) NOT NULL,
  `provcode` varchar(2) NOT NULL,
  `icd10` varchar(6) NOT NULL,
  `name` varchar(100) DEFAULT NULL,
  `total` int(11) DEFAULT NULL,
  PRIMARY KEY (`rep_year`,`provcode`,`icd10`)
) ENGINE=MyISAM DEFAULT CHARSET=utf8 ROW_FORMAT=DYNAMIC;

-- ----------------------------
-- Records of dashboard_top10_ipd
-- ----------------------------
INSERT INTO `dashboard_top10_ipd` VALUES ('2014', '65', 'I10', 'ความดันโลหิตสูงไม่ทราบสาเหตุ (ปฐมภูมิ)', '7204');
INSERT INTO `dashboard_top10_ipd` VALUES ('2014', '65', 'E789', 'ความผิดปกติแบบอื่นของเมตะบอลิซึมของไลโปโปรตีน ไม่ระบุรายละเอียด', '4429');
INSERT INTO `dashboard_top10_ipd` VALUES ('2014', '65', 'E119', 'เบาหวานชนิดที่ไม่ต้องพึ่งอินซูลิน ไม่มีภาวะแทรกซ้อน', '3320');
INSERT INTO `dashboard_top10_ipd` VALUES ('2014', '65', 'E876', 'ภาวะมีโพแทสเซียมในเลือดน้อยเกิน', '2920');
INSERT INTO `dashboard_top10_ipd` VALUES ('2014', '65', 'E871', 'ภาวะเลือดมีออสโมลาลิดีต่ำและภาวะมีโซเดียมในเลือดน้อย', '1942');
INSERT INTO `dashboard_top10_ipd` VALUES ('2014', '65', 'O800', 'การคลอดเองท่าศีรษะ', '1606');
INSERT INTO `dashboard_top10_ipd` VALUES ('2014', '65', 'D649', 'โลหิตจาง ไม่ระบุรายละเอียด', '1197');
INSERT INTO `dashboard_top10_ipd` VALUES ('2014', '65', 'N390', 'การติดเชื้อในทางเดินปัสสาวะ ไม่ระบุตำแหน่ง', '1168');
INSERT INTO `dashboard_top10_ipd` VALUES ('2014', '65', 'J189', 'ปอดบวม ไม่ระบุรายละเอียด', '993');
INSERT INTO `dashboard_top10_ipd` VALUES ('2014', '65', 'A090', 'ท้องร่วงจากการติดเชื้อ', '987');
INSERT INTO `dashboard_top10_ipd` VALUES ('2015', '65', 'I10', 'ความดันโลหิตสูงไม่ทราบสาเหตุ (ปฐมภูมิ)', '9340');
INSERT INTO `dashboard_top10_ipd` VALUES ('2015', '65', 'E789', 'ความผิดปกติแบบอื่นของเมตะบอลิซึมของไลโปโปรตีน ไม่ระบุรายละเอียด', '5234');
INSERT INTO `dashboard_top10_ipd` VALUES ('2015', '65', 'E119', 'เบาหวานชนิดที่ไม่ต้องพึ่งอินซูลิน ไม่มีภาวะแทรกซ้อน', '5105');
INSERT INTO `dashboard_top10_ipd` VALUES ('2015', '65', 'E876', 'ภาวะมีโพแทสเซียมในเลือดน้อยเกิน', '4017');
INSERT INTO `dashboard_top10_ipd` VALUES ('2015', '65', 'O800', 'การคลอดเองท่าศีรษะ', '2210');
INSERT INTO `dashboard_top10_ipd` VALUES ('2015', '65', 'E871', 'ภาวะเลือดมีออสโมลาลิดีต่ำและภาวะมีโซเดียมในเลือดน้อย', '2051');
INSERT INTO `dashboard_top10_ipd` VALUES ('2015', '65', 'D649', 'โลหิตจาง ไม่ระบุรายละเอียด', '1758');
INSERT INTO `dashboard_top10_ipd` VALUES ('2015', '65', 'N390', 'การติดเชื้อในทางเดินปัสสาวะ ไม่ระบุตำแหน่ง', '1592');
INSERT INTO `dashboard_top10_ipd` VALUES ('2015', '65', 'D62', 'โลหิตจางหลังการเสียเลือดเฉียบพลัน', '1568');
INSERT INTO `dashboard_top10_ipd` VALUES ('2015', '65', 'I500', 'หัวใจล้มเหลวแบบมีน้ำคั่ง', '1559');

-- ----------------------------
-- Table structure for dashboard_top10_opd
-- ----------------------------
DROP TABLE IF EXISTS `dashboard_top10_opd`;
CREATE TABLE `dashboard_top10_opd` (
  `rep_year` varchar(4) NOT NULL,
  `provcode` varchar(2) NOT NULL,
  `icd10` varchar(6) NOT NULL,
  `name` varchar(100) DEFAULT NULL,
  `total` int(11) DEFAULT NULL,
  PRIMARY KEY (`rep_year`,`provcode`,`icd10`)
) ENGINE=MyISAM DEFAULT CHARSET=utf8 ROW_FORMAT=DYNAMIC;

-- ----------------------------
-- Records of dashboard_top10_opd
-- ----------------------------
INSERT INTO `dashboard_top10_opd` VALUES ('2015', '65', 'I10', 'ความดันโลหิตสูงไม่ทราบสาเหตุ (ปฐมภูมิ)', '324068');
INSERT INTO `dashboard_top10_opd` VALUES ('2015', '65', 'E119', 'เบาหวานชนิดที่ไม่ต้องพึ่งอินซูลิน ไม่มีภาวะแทรกซ้อน', '144931');
INSERT INTO `dashboard_top10_opd` VALUES ('2015', '65', 'E785', 'ภาวะไขมันในเลือดสูงเกิน ไม่ระบุรายละเอียด', '124823');
INSERT INTO `dashboard_top10_opd` VALUES ('2015', '65', 'J00', 'คอหอยส่วนจมูกอักเสบเฉียบพลัน (ไข้หวัด)', '59049');
INSERT INTO `dashboard_top10_opd` VALUES ('2015', '65', 'K30', 'อาหารไม่ย่อย', '55090');
INSERT INTO `dashboard_top10_opd` VALUES ('2015', '65', 'U77', 'U77-การส่งเสริมสุขภาพและการป้องกันโรค', '51331');
INSERT INTO `dashboard_top10_opd` VALUES ('2015', '65', 'R42', 'เวียนศีรษะ', '50455');
INSERT INTO `dashboard_top10_opd` VALUES ('2015', '65', 'J029', 'คอหอยอักเสบเฉียบพลัน ไม่ระบุรายละเอียด', '49316');
INSERT INTO `dashboard_top10_opd` VALUES ('2015', '65', 'E789', 'ความผิดปกติแบบอื่นของเมตะบอลิซึมของไลโปโปรตีน ไม่ระบุรายละเอียด', '45445');
INSERT INTO `dashboard_top10_opd` VALUES ('2015', '65', 'K021', 'ฟันผุที่ลุกลามถึงเนื้อฟัน', '24895');
INSERT INTO `dashboard_top10_opd` VALUES ('2014', '65', 'I10', 'ความดันโลหิตสูงไม่ทราบสาเหตุ (ปฐมภูมิ)', '365507');
INSERT INTO `dashboard_top10_opd` VALUES ('2014', '65', 'E785', 'ภาวะไขมันในเลือดสูงเกิน ไม่ระบุรายละเอียด', '154350');
INSERT INTO `dashboard_top10_opd` VALUES ('2014', '65', 'E119', 'เบาหวานชนิดที่ไม่ต้องพึ่งอินซูลิน ไม่มีภาวะแทรกซ้อน', '141239');
INSERT INTO `dashboard_top10_opd` VALUES ('2014', '65', 'J00', 'คอหอยส่วนจมูกอักเสบเฉียบพลัน (ไข้หวัด)', '85021');
INSERT INTO `dashboard_top10_opd` VALUES ('2014', '65', 'R42', 'เวียนศีรษะ', '79513');
INSERT INTO `dashboard_top10_opd` VALUES ('2014', '65', 'K30', 'อาหารไม่ย่อย', '77326');
INSERT INTO `dashboard_top10_opd` VALUES ('2014', '65', 'J029', 'คอหอยอักเสบเฉียบพลัน ไม่ระบุรายละเอียด', '71921');
INSERT INTO `dashboard_top10_opd` VALUES ('2014', '65', 'E789', 'ความผิดปกติแบบอื่นของเมตะบอลิซึมของไลโปโปรตีน ไม่ระบุรายละเอียด', '40214');
INSERT INTO `dashboard_top10_opd` VALUES ('2014', '65', 'U77', 'U77-การส่งเสริมสุขภาพและการป้องกันโรค', '37602');
INSERT INTO `dashboard_top10_opd` VALUES ('2014', '65', 'M791', 'ปวดกล้ามเนื้อ', '33489');

-- ----------------------------
-- Table structure for kpi_cmi
-- ----------------------------
DROP TABLE IF EXISTS `kpi_cmi`;
CREATE TABLE `kpi_cmi` (
  `kpi_id` varchar(5) NOT NULL,
  `rep_year` varchar(4) NOT NULL,
  `hospcode` varchar(5) NOT NULL,
  `provcode` varchar(2) NOT NULL,
  `sumcase` int(11) DEFAULT NULL,
  `sumadjrw` decimal(12,4) DEFAULT NULL,
  `splevel` varchar(2) DEFAULT NULL,
  `refcmi` decimal(11,4) DEFAULT NULL,
  `pctlowcmi` decimal(5,2) DEFAULT NULL,
  `cntm10` int(11) DEFAULT NULL,
  `sumadjm10` decimal(12,4) DEFAULT NULL,
  `cntm11` int(11) DEFAULT NULL,
  `sumadjm11` decimal(12,4) DEFAULT NULL,
  `cntm12` int(11) DEFAULT NULL,
  `sumadjm12` decimal(12,4) DEFAULT NULL,
  `cntm01` int(11) DEFAULT NULL,
  `sumadjm01` decimal(12,4) DEFAULT NULL,
  `cntm02` int(11) DEFAULT NULL,
  `sumadjm02` decimal(12,4) DEFAULT NULL,
  `cntm03` int(11) DEFAULT NULL,
  `sumadjm03` decimal(12,4) DEFAULT NULL,
  `cntm04` int(11) DEFAULT NULL,
  `sumadjm04` decimal(12,4) DEFAULT NULL,
  `cntm05` int(11) DEFAULT NULL,
  `sumadjm05` decimal(12,4) DEFAULT NULL,
  `cntm06` int(11) DEFAULT NULL,
  `sumadjm06` decimal(12,4) DEFAULT NULL,
  `cntm07` int(11) DEFAULT NULL,
  `sumadjm07` decimal(12,4) DEFAULT NULL,
  `cntm08` int(11) DEFAULT NULL,
  `sumadjm08` decimal(12,4) DEFAULT NULL,
  `cntm09` int(11) DEFAULT NULL,
  `sumadjm09` decimal(12,4) DEFAULT NULL,
  PRIMARY KEY (`kpi_id`,`rep_year`,`hospcode`)
) ENGINE=MyISAM DEFAULT CHARSET=utf8 ROW_FORMAT=DYNAMIC;

-- ----------------------------
-- Records of kpi_cmi
-- ----------------------------

-- ----------------------------
-- Table structure for kpi_moph
-- ----------------------------
DROP TABLE IF EXISTS `kpi_moph`;
CREATE TABLE `kpi_moph` (
  `kpi_id` varchar(11) NOT NULL,
  `rep_year` varchar(4) NOT NULL,
  `hospcode` varchar(5) NOT NULL,
  `provcode` varchar(2) NOT NULL,
  `ampcode` varchar(2) NOT NULL,
  `target` int(11) DEFAULT NULL,
  `total` int(11) DEFAULT NULL,
  `mon1` int(11) DEFAULT NULL,
  `mon2` int(11) DEFAULT NULL,
  `mon3` int(11) DEFAULT NULL,
  `mon4` int(11) DEFAULT NULL,
  `mon5` int(11) DEFAULT NULL,
  `mon6` int(11) DEFAULT NULL,
  `mon7` int(11) DEFAULT NULL,
  `mon8` int(11) DEFAULT NULL,
  `mon9` int(11) DEFAULT NULL,
  `mon10` int(11) DEFAULT NULL,
  `mon11` int(11) DEFAULT NULL,
  `mon12` int(11) DEFAULT NULL,
  `ratio` varchar(255) DEFAULT NULL,
  PRIMARY KEY (`kpi_id`,`rep_year`,`hospcode`)
) ENGINE=InnoDB DEFAULT CHARSET=utf8;

-- ----------------------------
-- Records of kpi_moph
-- ----------------------------

-- ----------------------------
-- Table structure for kpi_other
-- ----------------------------
DROP TABLE IF EXISTS `kpi_other`;
CREATE TABLE `kpi_other` (
  `kpi_id` varchar(11) NOT NULL,
  `rep_year` varchar(4) NOT NULL,
  `hospcode` varchar(5) NOT NULL,
  `provcode` varchar(2) NOT NULL,
  `ampcode` varchar(2) NOT NULL,
  `target` int(11) DEFAULT NULL,
  `total` int(11) DEFAULT NULL,
  `mon1` int(11) DEFAULT NULL,
  `mon2` int(11) DEFAULT NULL,
  `mon3` int(11) DEFAULT NULL,
  `mon4` int(11) DEFAULT NULL,
  `mon5` int(11) DEFAULT NULL,
  `mon6` int(11) DEFAULT NULL,
  `mon7` int(11) DEFAULT NULL,
  `mon8` int(11) DEFAULT NULL,
  `mon9` int(11) DEFAULT NULL,
  `mon10` int(11) DEFAULT NULL,
  `mon11` int(11) DEFAULT NULL,
  `mon12` varchar(255) DEFAULT NULL,
  `ratio` varchar(255) DEFAULT NULL,
  PRIMARY KEY (`kpi_id`,`rep_year`,`hospcode`)
) ENGINE=InnoDB DEFAULT CHARSET=utf8;

-- ----------------------------
-- Records of kpi_other
-- ----------------------------

-- ----------------------------
-- Table structure for kpi_qof
-- ----------------------------
DROP TABLE IF EXISTS `kpi_qof`;
CREATE TABLE `kpi_qof` (
  `kpi_id` varchar(11) NOT NULL,
  `rep_year` varchar(4) NOT NULL,
  `hospcode` varchar(5) NOT NULL,
  `provcode` varchar(2) NOT NULL,
  `ampcode` varchar(2) NOT NULL,
  `target` int(11) DEFAULT NULL,
  `total` int(11) DEFAULT NULL,
  `mon1` int(11) DEFAULT NULL,
  `mon2` int(11) DEFAULT NULL,
  `mon3` int(11) DEFAULT NULL,
  `mon4` int(11) DEFAULT NULL,
  `mon5` int(11) DEFAULT NULL,
  `mon6` int(11) DEFAULT NULL,
  `mon7` int(11) DEFAULT NULL,
  `mon8` int(11) DEFAULT NULL,
  `mon9` int(11) DEFAULT NULL,
  `mon10` int(11) DEFAULT NULL,
  `mon11` int(11) DEFAULT NULL,
  `mon12` varchar(255) DEFAULT NULL,
  `ratio` varchar(255) DEFAULT NULL,
  PRIMARY KEY (`kpi_id`,`rep_year`,`hospcode`)
) ENGINE=InnoDB DEFAULT CHARSET=utf8;

-- ----------------------------
-- Records of kpi_qof
-- ----------------------------

-- ----------------------------
-- Table structure for kpi_region
-- ----------------------------
DROP TABLE IF EXISTS `kpi_region`;
CREATE TABLE `kpi_region` (
  `kpi_id` varchar(11) NOT NULL,
  `rep_year` varchar(4) NOT NULL,
  `hospcode` varchar(5) NOT NULL,
  `provcode` varchar(2) NOT NULL,
  `ampcode` varchar(2) NOT NULL,
  `target` int(11) DEFAULT NULL,
  `total` int(11) DEFAULT NULL,
  `mon1` int(11) DEFAULT NULL,
  `mon2` int(11) DEFAULT NULL,
  `mon3` int(11) DEFAULT NULL,
  `mon4` int(11) DEFAULT NULL,
  `mon5` int(11) DEFAULT NULL,
  `mon6` int(11) DEFAULT NULL,
  `mon7` int(11) DEFAULT NULL,
  `mon8` int(11) DEFAULT NULL,
  `mon9` int(11) DEFAULT NULL,
  `mon10` int(11) DEFAULT NULL,
  `mon11` int(11) DEFAULT NULL,
  `mon12` int(11) DEFAULT NULL,
  `ratio` varchar(255) DEFAULT NULL,
  PRIMARY KEY (`kpi_id`,`rep_year`,`hospcode`)
) ENGINE=InnoDB DEFAULT CHARSET=utf8;

-- ----------------------------
-- Records of kpi_region
-- ----------------------------

-- ----------------------------
-- Table structure for kpi_type_1
-- ----------------------------
DROP TABLE IF EXISTS `kpi_type_1`;
CREATE TABLE `kpi_type_1` (
  `kpi_id` varchar(11) NOT NULL,
  `rep_year` varchar(4) NOT NULL,
  `hospcode` varchar(5) NOT NULL,
  `provcode` varchar(2) NOT NULL,
  `ampcode` varchar(2) NOT NULL,
  `target` int(11) DEFAULT NULL,
  `total` int(11) DEFAULT NULL,
  `mon1` int(11) DEFAULT NULL,
  `mon2` int(11) DEFAULT NULL,
  `mon3` int(11) DEFAULT NULL,
  `mon4` int(11) DEFAULT NULL,
  `mon5` int(11) DEFAULT NULL,
  `mon6` int(11) DEFAULT NULL,
  `mon7` int(11) DEFAULT NULL,
  `mon8` int(11) DEFAULT NULL,
  `mon9` int(11) DEFAULT NULL,
  `mon10` int(11) DEFAULT NULL,
  `mon11` int(11) DEFAULT NULL,
  `mon12` int(11) DEFAULT NULL,
  `ratio` varchar(255) DEFAULT NULL,
  PRIMARY KEY (`kpi_id`,`rep_year`,`hospcode`)
) ENGINE=InnoDB DEFAULT CHARSET=utf8;

-- ----------------------------
-- Records of kpi_type_1
-- ----------------------------

-- ----------------------------
-- Table structure for kpi_type_2
-- ----------------------------
DROP TABLE IF EXISTS `kpi_type_2`;
CREATE TABLE `kpi_type_2` (
  `kpi_id` varchar(11) NOT NULL,
  `rep_year` varchar(4) NOT NULL,
  `provcode` varchar(2) NOT NULL,
  `ampcode` varchar(2) NOT NULL,
  `target` int(11) DEFAULT NULL,
  `total` int(11) DEFAULT NULL,
  `mon1` int(11) DEFAULT NULL,
  `mon2` int(11) DEFAULT NULL,
  `mon3` int(11) DEFAULT NULL,
  `mon4` int(11) DEFAULT NULL,
  `mon5` int(11) DEFAULT NULL,
  `mon6` int(11) DEFAULT NULL,
  `mon7` int(11) DEFAULT NULL,
  `mon8` int(11) DEFAULT NULL,
  `mon9` int(11) DEFAULT NULL,
  `mon10` int(11) DEFAULT NULL,
  `mon11` int(11) DEFAULT NULL,
  `mon12` int(11) DEFAULT NULL,
  `ratio` varchar(255) DEFAULT NULL,
  PRIMARY KEY (`kpi_id`,`rep_year`,`provcode`,`ampcode`)
) ENGINE=InnoDB DEFAULT CHARSET=utf8;

-- ----------------------------
-- Records of kpi_type_2
-- ----------------------------

-- ----------------------------
-- Table structure for kpi_type_3
-- ----------------------------
DROP TABLE IF EXISTS `kpi_type_3`;
CREATE TABLE `kpi_type_3` (
  `kpi_id` varchar(11) NOT NULL,
  `rep_year` varchar(4) NOT NULL,
  `provcode` varchar(2) NOT NULL,
  `target` int(11) DEFAULT NULL,
  `total` int(11) DEFAULT NULL,
  `mon1` int(11) DEFAULT NULL,
  `mon2` int(11) DEFAULT NULL,
  `mon3` int(11) DEFAULT NULL,
  `mon4` int(11) DEFAULT NULL,
  `mon5` int(11) DEFAULT NULL,
  `mon6` int(11) DEFAULT NULL,
  `mon7` int(11) DEFAULT NULL,
  `mon8` int(11) DEFAULT NULL,
  `mon9` int(11) DEFAULT NULL,
  `mon10` int(11) DEFAULT NULL,
  `mon11` int(11) DEFAULT NULL,
  `mon12` int(11) DEFAULT NULL,
  `ratio` varchar(255) DEFAULT NULL,
  PRIMARY KEY (`kpi_id`,`rep_year`,`provcode`)
) ENGINE=InnoDB DEFAULT CHARSET=utf8;

-- ----------------------------
-- Records of kpi_type_3
-- ----------------------------

-- ----------------------------
-- Table structure for kpi_type_total
-- ----------------------------
DROP TABLE IF EXISTS `kpi_type_total`;
CREATE TABLE `kpi_type_total` (
  `kpi_id` varchar(11) NOT NULL DEFAULT '',
  `rep_year` varchar(4) NOT NULL DEFAULT '',
  `hospcode` varchar(5) NOT NULL DEFAULT '',
  `provcode` varchar(2) NOT NULL DEFAULT '',
  `ampcode` varchar(2) NOT NULL DEFAULT '',
  `target` int(11) DEFAULT NULL,
  `total` int(11) DEFAULT NULL,
  `mon1` int(11) DEFAULT NULL,
  `mon2` int(11) DEFAULT NULL,
  `mon3` int(11) DEFAULT NULL,
  `mon4` int(11) DEFAULT NULL,
  `mon5` int(11) DEFAULT NULL,
  `mon6` int(11) DEFAULT NULL,
  `mon7` int(11) DEFAULT NULL,
  `mon8` int(11) DEFAULT NULL,
  `mon9` int(11) DEFAULT NULL,
  `mon10` int(11) DEFAULT NULL,
  `mon11` int(11) DEFAULT NULL,
  `mon12` int(11) DEFAULT NULL,
  `ratio` varchar(255) DEFAULT NULL
) ENGINE=InnoDB DEFAULT CHARSET=utf8;

-- ----------------------------
-- Records of kpi_type_total
-- ----------------------------

-- ----------------------------
-- Table structure for sync_client
-- ----------------------------
DROP TABLE IF EXISTS `sync_client`;
CREATE TABLE `sync_client` (
  `id` varchar(255) NOT NULL,
  `password` varchar(255) DEFAULT NULL,
  `fullname` varchar(255) DEFAULT NULL,
  PRIMARY KEY (`id`)
) ENGINE=InnoDB DEFAULT CHARSET=utf8;

-- ----------------------------
-- Records of sync_client
-- ----------------------------
INSERT INTO `sync_client` VALUES ('00040', '53000', 'อุตรดิตถ์');
INSERT INTO `sync_client` VALUES ('00049', '63000', 'ตาก');
INSERT INTO `sync_client` VALUES ('00050', '64000', 'สุโขทัย');
INSERT INTO `sync_client` VALUES ('00051', '65000', 'พิษณุโลก');
INSERT INTO `sync_client` VALUES ('00053', '67000', 'เพชรบูรณ์');

-- ----------------------------
-- Table structure for sync_client_detail
-- ----------------------------
DROP TABLE IF EXISTS `sync_client_detail`;
CREATE TABLE `sync_client_detail` (
  `id` varchar(255) NOT NULL,
  `last_date_connect` date DEFAULT NULL,
  `last_user_connect` varchar(255) DEFAULT NULL,
  `last_comp_connect` varchar(255) DEFAULT NULL,
  `client_version` varchar(255) DEFAULT NULL,
  `mysql_version` varchar(255) DEFAULT NULL,
  `os_version` varchar(255) DEFAULT NULL,
  PRIMARY KEY (`id`)
) ENGINE=InnoDB DEFAULT CHARSET=utf8;

-- ----------------------------
-- Records of sync_client_detail
-- ----------------------------
INSERT INTO `sync_client_detail` VALUES ('00000', '2015-06-05', 'sa', 'SORASAKNOTEBOOK', '1.0.0.0', 'data :', 'Windows 8 Single Language');
INSERT INTO `sync_client_detail` VALUES ('00051', '2015-06-17', 'sa', 'SORASAKNOTEBOOK', '1.0.0.0', 'hdc :5.1.73-log', 'Windows 8 Single Language');
INSERT INTO `sync_client_detail` VALUES ('00053', '2015-06-19', 'sa', 'MOOTU', '1.0.0.0', 'data :', 'Windows 8.1 Pro');

-- ----------------------------
-- Table structure for sync_client_log
-- ----------------------------
DROP TABLE IF EXISTS `sync_client_log`;
CREATE TABLE `sync_client_log` (
  `id` varchar(255) NOT NULL,
  `date_connect` datetime NOT NULL,
  `user_connect` varchar(255) DEFAULT NULL,
  `comp_connect` varchar(255) DEFAULT NULL,
  `client_version` varchar(255) DEFAULT NULL,
  `mysql_version` varchar(255) DEFAULT NULL,
  `os_version` varchar(255) DEFAULT NULL,
  PRIMARY KEY (`id`,`date_connect`)
) ENGINE=InnoDB DEFAULT CHARSET=utf8;

-- ----------------------------
-- Records of sync_client_log
-- ----------------------------
INSERT INTO `sync_client_log` VALUES ('00000', '2015-06-05 08:29:38', 'sa', 'SORASAKNOTEBOOK', '1.0.0.0', 'data :', 'Windows 8 Single Language');
INSERT INTO `sync_client_log` VALUES ('00051', '2015-05-28 21:35:03', 'sa', 'SORASAKNOTEBOOK', '1.0.0.0', 'hdc :5.1.73-log', 'Windows 8 Single Language');
INSERT INTO `sync_client_log` VALUES ('00051', '2015-05-28 23:15:49', 'sa', 'SORASAKNOTEBOOK', '1.0.0.0', 'hdc :5.1.73-log', 'Windows 8 Single Language');
INSERT INTO `sync_client_log` VALUES ('00051', '2015-05-29 00:02:03', 'sa', 'SORASAKNOTEBOOK', '1.0.0.0', 'hdc :5.1.73-log', 'Windows 8 Single Language');
INSERT INTO `sync_client_log` VALUES ('00051', '2015-05-29 00:06:27', 'sa', 'SORASAKNOTEBOOK', '1.0.0.0', 'hdc :5.1.73-log', 'Windows 8 Single Language');
INSERT INTO `sync_client_log` VALUES ('00051', '2015-06-01 19:44:34', 'sa', 'SORASAKNOTEBOOK', '1.0.0.0', 'hdc :5.1.73-log', 'Windows 8 Single Language');
INSERT INTO `sync_client_log` VALUES ('00051', '2015-06-03 00:26:49', 'sa', 'SORASAKNOTEBOOK', '1.0.0.0', 'hdc :5.1.73-log', 'Windows 8 Single Language');
INSERT INTO `sync_client_log` VALUES ('00051', '2015-06-04 23:20:03', 'sa', 'SORASAKNOTEBOOK', '1.0.0.0', 'hdc :5.1.73-log', 'Windows 8 Single Language');
INSERT INTO `sync_client_log` VALUES ('00051', '2015-06-04 23:32:53', 'sa', 'SORASAKNOTEBOOK', '1.0.0.0', 'hdc :5.1.73-log', 'Windows 8 Single Language');
INSERT INTO `sync_client_log` VALUES ('00051', '2015-06-04 23:46:10', 'sa', 'SORASAKNOTEBOOK', '1.0.0.0', 'hdc :5.1.73-log', 'Windows 8 Single Language');
INSERT INTO `sync_client_log` VALUES ('00051', '2015-06-04 23:47:09', 'sa', 'SORASAKNOTEBOOK', '1.0.0.0', 'hdc :5.1.73-log', 'Windows 8 Single Language');
INSERT INTO `sync_client_log` VALUES ('00051', '2015-06-04 23:48:26', 'sa', 'SORASAKNOTEBOOK', '1.0.0.0', 'hdc :5.1.73-log', 'Windows 8 Single Language');
INSERT INTO `sync_client_log` VALUES ('00051', '2015-06-04 23:52:01', 'sa', 'SORASAKNOTEBOOK', '1.0.0.0', 'hdc :5.1.73-log', 'Windows 8 Single Language');
INSERT INTO `sync_client_log` VALUES ('00051', '2015-06-04 23:59:01', 'sa', 'SORASAKNOTEBOOK', '1.0.0.0', 'hdc :5.1.73-log', 'Windows 8 Single Language');
INSERT INTO `sync_client_log` VALUES ('00051', '2015-06-05 00:03:24', 'sa', 'SORASAKNOTEBOOK', '1.0.0.0', 'hdc :5.1.73-log', 'Windows 8 Single Language');
INSERT INTO `sync_client_log` VALUES ('00051', '2015-06-05 00:05:24', 'sa', 'SORASAKNOTEBOOK', '1.0.0.0', 'hdc :5.1.73-log', 'Windows 8 Single Language');
INSERT INTO `sync_client_log` VALUES ('00051', '2015-06-05 00:11:33', 'sa', 'SORASAKNOTEBOOK', '1.0.0.0', 'hdc :5.1.73-log', 'Windows 8 Single Language');
INSERT INTO `sync_client_log` VALUES ('00051', '2015-06-05 00:14:49', 'sa', 'SORASAKNOTEBOOK', '1.0.0.0', 'hdc :5.1.73-log', 'Windows 8 Single Language');
INSERT INTO `sync_client_log` VALUES ('00051', '2015-06-05 00:16:53', 'sa', 'WIN-5OV4RIS2VLR', '1.0.0.0', 'hdc :5.1.73-log', 'Windows 8.1 Pro');
INSERT INTO `sync_client_log` VALUES ('00051', '2015-06-05 00:30:51', 'sa', 'WIN-5OV4RIS2VLR', '1.0.0.0', 'hdc :5.1.73-log', 'Windows 8.1 Pro');
INSERT INTO `sync_client_log` VALUES ('00051', '2015-06-05 00:43:12', 'sa', 'WIN-5OV4RIS2VLR', '1.0.0.0', 'hdc :5.1.73-log', 'Windows 8.1 Pro');
INSERT INTO `sync_client_log` VALUES ('00051', '2015-06-05 01:12:38', 'sa', 'WIN-5OV4RIS2VLR', '1.0.0.0', 'hdc :5.1.73-log', 'Windows 8.1 Pro');
INSERT INTO `sync_client_log` VALUES ('00051', '2015-06-05 01:17:22', 'sa', 'WIN-5OV4RIS2VLR', '1.0.0.0', 'hdc :5.1.73-log', 'Windows 8.1 Pro');
INSERT INTO `sync_client_log` VALUES ('00051', '2015-06-05 01:19:25', 'sa', 'WIN-5OV4RIS2VLR', '1.0.0.0', 'hdc :5.1.73-log', 'Windows 8.1 Pro');
INSERT INTO `sync_client_log` VALUES ('00051', '2015-06-05 04:08:09', 'sa', 'WIN-5OV4RIS2VLR', '1.0.0.0', 'hdc :5.1.73-log', 'Windows 8.1 Pro');
INSERT INTO `sync_client_log` VALUES ('00051', '2015-06-05 04:11:15', 'sa', 'WIN-5OV4RIS2VLR', '1.0.0.0', 'hdc :5.1.73-log', 'Windows 8.1 Pro');
INSERT INTO `sync_client_log` VALUES ('00051', '2015-06-05 04:12:35', 'sa', 'WIN-5OV4RIS2VLR', '1.0.0.0', 'hdc :5.1.73-log', 'Windows 8.1 Pro');
INSERT INTO `sync_client_log` VALUES ('00051', '2015-06-05 04:15:39', 'sa', 'WIN-5OV4RIS2VLR', '1.0.0.0', 'hdc :5.1.73-log', 'Windows 8.1 Pro');
INSERT INTO `sync_client_log` VALUES ('00051', '2015-06-05 04:17:54', 'sa', 'WIN-5OV4RIS2VLR', '1.0.0.0', 'hdc :5.1.73-log', 'Windows 8.1 Pro');
INSERT INTO `sync_client_log` VALUES ('00051', '2015-06-05 04:20:18', 'sa', 'WIN-5OV4RIS2VLR', '1.0.0.0', 'hdc :5.1.73-log', 'Windows 8.1 Pro');
INSERT INTO `sync_client_log` VALUES ('00051', '2015-06-05 04:23:22', 'sa', 'WIN-5OV4RIS2VLR', '1.0.0.0', 'hdc :5.1.73-log', 'Windows 8.1 Pro');
INSERT INTO `sync_client_log` VALUES ('00051', '2015-06-05 04:29:33', 'sa', 'WIN-5OV4RIS2VLR', '1.0.0.0', 'hdc :5.1.73-log', 'Windows 8.1 Pro');
INSERT INTO `sync_client_log` VALUES ('00051', '2015-06-05 04:32:53', 'sa', 'WIN-5OV4RIS2VLR', '1.0.0.0', 'hdc :5.1.73-log', 'Windows 8.1 Pro');
INSERT INTO `sync_client_log` VALUES ('00051', '2015-06-05 04:37:09', 'sa', 'WIN-5OV4RIS2VLR', '1.0.0.0', 'hdc :5.1.73-log', 'Windows 8.1 Pro');
INSERT INTO `sync_client_log` VALUES ('00051', '2015-06-05 07:53:58', 'sa', 'WIN-5OV4RIS2VLR', '1.0.0.0', 'hdc :5.1.73-log', 'Windows 8.1 Pro');
INSERT INTO `sync_client_log` VALUES ('00051', '2015-06-05 08:15:37', 'sa', 'WIN-5OV4RIS2VLR', '1.0.0.0', 'hdc :5.1.73-log', 'Windows 8.1 Pro');
INSERT INTO `sync_client_log` VALUES ('00051', '2015-06-05 08:20:19', 'sa', 'WIN-5OV4RIS2VLR', '1.0.0.0', 'hdc :5.1.73-log', 'Windows 8.1 Pro');
INSERT INTO `sync_client_log` VALUES ('00051', '2015-06-05 08:23:26', 'sa', 'WIN-5OV4RIS2VLR', '1.0.0.0', 'hdc :5.1.73-log', 'Windows 8.1 Pro');
INSERT INTO `sync_client_log` VALUES ('00051', '2015-06-09 19:33:48', 'sa', 'SORASAKNOTEBOOK', '1.0.0.0', 'hdc :5.1.73-log', 'Windows 8 Single Language');
INSERT INTO `sync_client_log` VALUES ('00051', '2015-06-16 20:08:24', 'sa', 'SORASAKNOTEBOOK', '1.0.0.0', 'hdc :5.1.73-log', 'Windows 8 Single Language');
INSERT INTO `sync_client_log` VALUES ('00051', '2015-06-16 23:48:00', 'sa', 'WIN-5OV4RIS2VLR', '1.0.0.0', 'hdc :5.1.73-log', 'Windows 8.1 Pro');
INSERT INTO `sync_client_log` VALUES ('00051', '2015-06-17 00:25:35', 'sa', 'SORASAKNOTEBOOK', '1.0.0.0', 'hdc :5.1.73-log', 'Windows 8 Single Language');
INSERT INTO `sync_client_log` VALUES ('00051', '2015-06-17 21:34:56', 'sa', 'SORASAKNOTEBOOK', '1.0.0.0', 'hdc :5.1.73-log', 'Windows 8 Single Language');
INSERT INTO `sync_client_log` VALUES ('00053', '2015-06-19 00:23:48', 'sa', 'MOOTU', '1.0.0.0', 'data :', 'Windows 8.1 Pro');

-- ----------------------------
-- Table structure for sync_datascript
-- ----------------------------
DROP TABLE IF EXISTS `sync_datascript`;
CREATE TABLE `sync_datascript` (
  `id` varchar(10) NOT NULL,
  `kpiname` varchar(100) DEFAULT NULL,
  `sqlString` text,
  `tablename` varchar(100) DEFAULT NULL,
  `sqlupdate` datetime DEFAULT NULL,
  `dayscript` varchar(100) DEFAULT NULL,
  `timescript` time DEFAULT NULL,
  `auto` char(1) DEFAULT '0',
  `kpi` varchar(100) DEFAULT NULL,
  `active` char(1) DEFAULT '0',
  `onprocess` char(1) DEFAULT '0',
  `function_id` char(2) DEFAULT NULL,
  PRIMARY KEY (`id`)
) ENGINE=InnoDB DEFAULT CHARSET=utf8;

-- ----------------------------
-- Records of sync_datascript
-- ----------------------------
INSERT INTO `sync_datascript` VALUES ('0001', 'ร้อยละของเด็กอายุ 0-3 ปี มีพัฒนาการสมวัย  (มากกว่าร้อยละ  85)', 'set @rep_year = :rep_year;\r\nset @provcode = :provcode;\r\nset @bdate_target=concat(@rep_year-3,\'1001\');\r\nset @edate_target=concat(@rep_year,\'0930\');\r\nset @bdate_result =concat(@rep_year-1,\'1001\');\r\nset @edate_result =concat(@rep_year,\'0930\');\r\n\r\nselect \'00200\' as kpi,@rep_year,nu.hospcode,@provcode,(select distcode from chospital where hoscode=nu.hospcode) as ampcode,\r\n(select count(distinct p.pid)       \r\nfrom   person p use index(idx6)\r\nwhere   p.discharge = \'9\' and p.typearea in (\'1\', \'3\') and p.nation =\'099\' \r\n            and p.birth between @bdate_target and @edate_target\r\n            and p.hospcode = nu.hospcode\r\n) as target,\r\n          sum(right(cast(date_develop as char),1) = 1) as total,\r\n          sum(if((month(substring_index(cast(date_develop as char),\'|\',1) ) = 10) and (right(cast(date_develop as char),1) = 1),1,0)) as mon10,\r\n          sum(if((month(substring_index(cast(date_develop as char),\'|\',1) ) = 11) and (right(cast(date_develop as char),1) = 1),1,0)) as mon11,\r\n          sum(if((month(substring_index(cast(date_develop as char),\'|\',1) ) = 12) and (right(cast(date_develop as char),1) = 1),1,0)) as mon12,\r\n          sum(if((month(substring_index(cast(date_develop as char),\'|\',1) ) = 1) and (right(cast(date_develop as char),1) = 1),1,0)) as mon1,\r\n          sum(if((month(substring_index(cast(date_develop as char),\'|\',1) ) = 2) and (right(cast(date_develop as char),1) = 1),1,0)) as mon2,\r\n          sum(if((month(substring_index(cast(date_develop as char),\'|\',1) ) = 3) and (right(cast(date_develop as char),1) = 1),1,0)) as mon3,\r\n          sum(if((month(substring_index(cast(date_develop as char),\'|\',1) ) = 4) and (right(cast(date_develop as char),1) = 1),1,0)) as mon4,\r\n          sum(if((month(substring_index(cast(date_develop as char),\'|\',1) ) = 5) and (right(cast(date_develop as char),1) = 1),1,0)) as mon5,\r\n          sum(if((month(substring_index(cast(date_develop as char),\'|\',1) ) = 6) and (right(cast(date_develop as char),1) = 1),1,0)) as mon6,\r\n          sum(if((month(substring_index(cast(date_develop as char),\'|\',1) ) = 7) and (right(cast(date_develop as char),1) = 1),1,0)) as mon7,\r\n          sum(if((month(substring_index(cast(date_develop as char),\'|\',1) ) = 8) and (right(cast(date_develop as char),1) = 1),1,0)) as mon8,\r\n          sum(if((month(substring_index(cast(date_develop as char),\'|\',1) ) = 9) and (right(cast(date_develop as char),1) = 1),1,0)) as mon9,\r\n          0.00 as ratio  \r\nfrom  \r\n( select  n.hospcode,n.pid,\r\n  substring_index(group_concat(date_serv,\'| \' ,childdevelop  order by   date_serv  desc  separator \'||\'    ),    \'||\',    1  )  date_develop\r\n  from  nutrition n,person p\r\n  where  date_serv between @bdate_result and @edate_result \r\n             and p.discharge = \'9\' and p.typearea in (\'1\', \'3\') and p.nation =\'099\' \r\n             and p.birth between @bdate_target and @edate_target\r\n             and p.hospcode = n.hospcode and n.pid = p.pid\r\n  group by   n.hospcode, n.pid\r\n) as nu\r\ngroup by nu.hospcode', 'kpi_type_total', '2015-05-29 11:28:19', null, null, '0', 'r00200', '1', '0', null);
INSERT INTO `sync_datascript` VALUES ('0002', 'ร้อยละของเด็ก 0-3 ปี ได้รับวัคซีน MMR ตามเกณฑ์ (มากกว่าร้อยละ  95)', 'set @rep_year = :rep_year;\r\nset @provcode = :provcode;\r\nset @bdate_target=concat(@rep_year-3,\'1001\');\r\nset @edate_target=concat(@rep_year-1,\'0930\');\r\n\r\n\r\nselect \'00300\' as kpi,@rep_year,p.hospcode,@provcode,(select distcode from chospital where hoscode=p.hospcode) as ampcode,\r\n          count(distinct p.pid) as target,\r\n          sum(if(isnull(e.date_serv),0,1)) as total,\r\n          sum(if(month(e.date_serv) =10,1,0)) as mon10,\r\n          sum(if(month(e.date_serv) =11,1,0)) as mon11,\r\n          sum(if(month(e.date_serv) =12,1,0)) as mon12,\r\n          sum(if(month(e.date_serv) =1,1,0)) as mon1,\r\n          sum(if(month(e.date_serv) =2,1,0)) as mon2,\r\n          sum(if(month(e.date_serv) =3,1,0)) as mon3,\r\n          sum(if(month(e.date_serv) =4,1,0)) as mon4,\r\n          sum(if(month(e.date_serv) =5,1,0)) as mon5,\r\n          sum(if(month(e.date_serv) =6,1,0)) as mon6,\r\n          sum(if(month(e.date_serv) =7,1,0)) as mon7,\r\n          sum(if(month(e.date_serv) =8,1,0)) as mon8,\r\n          sum(if(month(e.date_serv) =9,1,0)) as mon9,\r\n          0.00 as ratio  \r\nfrom   person p use index(idx6), epi e use index(idx1)\r\n\r\nwhere  p.discharge = \'9\' and p.typearea in (\'1\', \'3\') and p.nation =\'099\' \r\n             and p.birth between @bdate_target and @edate_target\r\n             and p.hospcode = e.hospcode and p.pid = e.pid\r\n             and e.vaccinetype = \'061\'\r\ngroup by   p.hospcode', 'kpi_type_total', '2015-05-29 12:22:09', null, null, '0', 'r00300', '1', '0', null);
INSERT INTO `sync_datascript` VALUES ('0003', 'รายงานจำนวนการส่งต่อผู้ป่วยนอกจังหวัด', 'set @rep_year = :rep_year;\r\nset @provcode = :provcode;\r\n\r\nset @bdate_result =concat(@rep_year-1,\'1001\');\r\nset @edate_result =concat(@rep_year,\'0930\');\r\n\r\nselect \'01100\' as kpi,@rep_year,service.hospcode,@provcode,(select distcode from chospital where hoscode=service.hospcode) as ampcode,\r\n          0 as target,\r\n          count(*) as total,\r\n          sum(if(month(service.date_serv) =10,1,0)) as mon10,\r\n          sum(if(month(service.date_serv) =11,1,0)) as mon11,\r\n          sum(if(month(service.date_serv) =12,1,0)) as mon12,\r\n          sum(if(month(service.date_serv) =1,1,0)) as mon1,\r\n          sum(if(month(service.date_serv) =2,1,0)) as mon2,\r\n          sum(if(month(service.date_serv) =3,1,0)) as mon3,\r\n          sum(if(month(service.date_serv) =4,1,0)) as mon4,\r\n          sum(if(month(service.date_serv) =5,1,0)) as mon5,\r\n          sum(if(month(service.date_serv) =6,1,0)) as mon6,\r\n          sum(if(month(service.date_serv) =7,1,0)) as mon7,\r\n          sum(if(month(service.date_serv) =8,1,0)) as mon8,\r\n          sum(if(month(service.date_serv) =9,1,0)) as mon9,\r\n          0.00 as ratio  \r\nfrom service \r\ninner join chospital on chospital.hoscode=service.hospcode\r\ninner join person on person.hospcode=service.hospcode and person.pid=service.pid\r\nleft join diagnosis_opd on diagnosis_opd.hospcode=service.hospcode and diagnosis_opd.pid=service.pid \r\n           and diagnosis_opd.date_serv=service.date_serv\r\nwhere service.date_serv between @bdate_result and @edate_result\r\nand service.typeout=\'3\' \r\nand chospital.hostype in (\'05\',\'06\',\'07\')\r\nand (service.referouthosp in(\'10741\',\'10713\',\'10710\',\'12275\',\'11320\',\'11304\',\'11040\',\'10712\',\'10711\',\r\n \'28879\',\'24085\',\'23951\',\'14923\',\'14717\',\'14663\',\'14644\',\'14203\',\'14201\',\'14199\',	\'14197\',\'14196\',\'14195\',\'14195\',\'14171\',\'13785\',\'13775\',\'13760\',\'13755\',\'12439\',			\'12438\',\'12290\',\'12289\',\'12287\',\'12286\',\'12284\',\'12258\',\'12257\',\'12256\',\'12252\',\r\n\'12283\',\'12281\',\'12280\',\'12279\',\'12278\',\'12277\',\'12276\',\'12273\',\'12272\',\'12262\',\r\n\'12260\',\'12251\',\'12250\',\'12249\',\'12246\',\'12244\',\'12243\',\'11579\',\'11473\',\'28005\',\r\n\'25060\',\'25049\',\'24976\',\'24748\',\'24678\',\'23987\',\'23974\',\'23762\',\'23560\',\'23429\',\r\n\'22952\',\'22737\',\'21771\',\'15229\',\'15199\',\'15198\',\'15140\',\'15149\',\'14933\',\r\n\'14928\',\'14919\',\'14918\',\'14904\',\'14901\',\'14862\',\'14689\',\'14641\',\'14584\',\'14465\',\r\n\'14173\',\'14161\',\'14160\',\'13815\',\'13814\',\'13766\',\'13758\',\'13757\',\'13756\',\'13754\',\r\n												 \'13753\',\'12472\',\'12471\',\'12456\',\'12454\',\'12453\',\'11978\',\'11946\',\'11514\',\'11513\',\r\n\'11512\',\'11468\',\'11305\' )\r\nor service.referouthosp between \'10660\' and \'10684\'\r\nor service.referouthosp between \'10742\' and \'10751\'\r\nor service.referouthosp between \'10714\' and \'10740\'\r\nor service.referouthosp between \'10685\' and \'10709\'\r\nor service.referouthosp between \'12266\' and \'12270\'\r\nor service.referouthosp between \'11469\' and \'11473\'\r\nor service.referouthosp between \'13777\' and \'13781\'\r\nor service.referouthosp between \'11525\' and \'11541\'\r\nor service.referouthosp between \'11516\' and \'11523\'\r\nor service.referouthosp between \'11504\' and \'11510\'\r\nor service.referouthosp between \'11475\' and \'11502\' )\r\nand service.referouthosp not in (\'11498\',\'11489\',\'11488\',\'11480\')\r\nand service.referouthosp not in (\'10676\',\'10673\',\'10727\',\'10725\',\'10724\',\'10723\',\'10722\')\r\nand service.referouthosp not in (\'11244\',\'11245\',\'11246\',\'11247\',\'11248\',\'11249\',\'11250\')\r\n\r\nand left(diagnosis_opd.diagcode,3) between \'V01\' and \'V89\'\r\ngroup by service.hospcode\r\n', 'kpi_type_total', '2015-06-02 09:28:26', null, null, '0', 'm01100', '1', '0', null);
INSERT INTO `sync_datascript` VALUES ('0004', 'ร้อยละของเด็กอายุ 0-5 ปี มีพัฒนาการสมวัย  (มากกว่าร้อยละ  85)', 'set @rep_year = :rep_year;\r\nset @provcode = :provcode;\r\nset @bdate_target=concat(@rep_year-5,\'1001\');\r\nset @edate_target=concat(@rep_year,\'0930\');\r\nset @bdate_result =concat(@rep_year-1,\'1001\');\r\nset @edate_result =concat(@rep_year,\'0930\');\r\n\r\nselect \'00200\' as kpi,@rep_year,nu.hospcode,@provcode,(select distcode from chospital where hoscode=nu.hospcode) as ampcode,\r\n(select count(distinct p.pid)       \r\nfrom   person p use index(idx6)\r\nwhere   p.discharge = \'9\' and p.typearea in (\'1\', \'3\') and p.nation =\'099\' \r\n            and p.birth between @bdate_target and @edate_target\r\n            and p.hospcode = nu.hospcode\r\n) as target,\r\n          sum(right(cast(date_develop as char),1) = 1) as total,\r\n          sum(if((month(substring_index(cast(date_develop as char),\'|\',1) ) = 10) and (right(cast(date_develop as char),1) = 1),1,0)) as mon10,\r\n          sum(if((month(substring_index(cast(date_develop as char),\'|\',1) ) = 11) and (right(cast(date_develop as char),1) = 1),1,0)) as mon11,\r\n          sum(if((month(substring_index(cast(date_develop as char),\'|\',1) ) = 12) and (right(cast(date_develop as char),1) = 1),1,0)) as mon12,\r\n          sum(if((month(substring_index(cast(date_develop as char),\'|\',1) ) = 1) and (right(cast(date_develop as char),1) = 1),1,0)) as mon1,\r\n          sum(if((month(substring_index(cast(date_develop as char),\'|\',1) ) = 2) and (right(cast(date_develop as char),1) = 1),1,0)) as mon2,\r\n          sum(if((month(substring_index(cast(date_develop as char),\'|\',1) ) = 3) and (right(cast(date_develop as char),1) = 1),1,0)) as mon3,\r\n          sum(if((month(substring_index(cast(date_develop as char),\'|\',1) ) = 4) and (right(cast(date_develop as char),1) = 1),1,0)) as mon4,\r\n          sum(if((month(substring_index(cast(date_develop as char),\'|\',1) ) = 5) and (right(cast(date_develop as char),1) = 1),1,0)) as mon5,\r\n          sum(if((month(substring_index(cast(date_develop as char),\'|\',1) ) = 6) and (right(cast(date_develop as char),1) = 1),1,0)) as mon6,\r\n          sum(if((month(substring_index(cast(date_develop as char),\'|\',1) ) = 7) and (right(cast(date_develop as char),1) = 1),1,0)) as mon7,\r\n          sum(if((month(substring_index(cast(date_develop as char),\'|\',1) ) = 8) and (right(cast(date_develop as char),1) = 1),1,0)) as mon8,\r\n          sum(if((month(substring_index(cast(date_develop as char),\'|\',1) ) = 9) and (right(cast(date_develop as char),1) = 1),1,0)) as mon9,\r\n          0.00 as ratio  \r\nfrom  \r\n( select  n.hospcode,n.pid,\r\n  substring_index(group_concat(date_serv,\'| \' ,childdevelop  order by   date_serv  desc  separator \'||\'    ),    \'||\',    1  )  date_develop\r\n  from  nutrition n,person p\r\n  where  date_serv between @bdate_result and @edate_result \r\n             and p.discharge = \'9\' and p.typearea in (\'1\', \'3\') and p.nation =\'099\' \r\n             and p.birth between @bdate_target and @edate_target\r\n             and p.hospcode = n.hospcode and n.pid = p.pid\r\n  group by   n.hospcode, n.pid\r\n) as nu\r\ngroup by nu.hospcode', 'kpi_type_total', '2015-06-05 11:54:42', null, null, '0', 'm00200', '1', '0', null);
INSERT INTO `sync_datascript` VALUES ('0005', 'รายงานร้อยละเด็กวัยเรียน 6-14 ปี มีภาวะเริ่มอ้วนและอ้วน (น้ำหนักต่อส่วนสูง)', null, 'kpi_type_total', null, null, null, '0', 'm00300', '0', '0', null);
INSERT INTO `sync_datascript` VALUES ('0006', 'จำนวนผู้มารับบริการผู้ป่วยนอก', 'set @rep_year = :rep_year;\r\nset @provcode = :provcode;\r\n\r\n\r\nset @bdate_result =concat(@rep_year-1,\'1001\');\r\nset @edate_result =concat(@rep_year,\'0930\');\r\n\r\nselect \'00100\' as kpi,@rep_year,service.hospcode,@provcode,(select distcode from chospital where hoscode=service.hospcode) as ampcode,\r\n          0 as target,\r\n          count(*) as total,\r\n          sum(if(month(service.date_serv) =10,1,0)) as mon10,\r\n          sum(if(month(service.date_serv) =11,1,0)) as mon11,\r\n          sum(if(month(service.date_serv) =12,1,0)) as mon12,\r\n          sum(if(month(service.date_serv) =1,1,0)) as mon1,\r\n          sum(if(month(service.date_serv) =2,1,0)) as mon2,\r\n          sum(if(month(service.date_serv) =3,1,0)) as mon3,\r\n          sum(if(month(service.date_serv) =4,1,0)) as mon4,\r\n          sum(if(month(service.date_serv) =5,1,0)) as mon5,\r\n          sum(if(month(service.date_serv) =6,1,0)) as mon6,\r\n          sum(if(month(service.date_serv) =7,1,0)) as mon7,\r\n          sum(if(month(service.date_serv) =8,1,0)) as mon8,\r\n          sum(if(month(service.date_serv) =9,1,0)) as mon9,\r\n          0.00 as ratio  \r\nfrom service\r\ninner join chospital on chospital.hoscode=service.hospcode\r\nwhere   service.date_serv between @bdate_result and @edate_result        \r\nand  chospital.provcode = @provcode and chospital.hostype  in (\'05\',\'06\',\'07\')\r\nGROUP BY service.hospcode;', 'kpi_type_total', '2015-06-05 11:50:12', null, null, '0', 't00100', '1', '0', null);
INSERT INTO `sync_datascript` VALUES ('0007', 'จำนวนผู้มารับบริการผู้ป่วยใน', 'set @rep_year = :rep_year;\r\nset @provcode = :provcode;\r\nset @bdate_result =concat(@rep_year-1,\'1001\');\r\nset @edate_result =concat(@rep_year,\'0930\');\r\n\r\nselect \'00200\' as kpi,@rep_year,admission.hospcode,@provcode,(select distcode from chospital where hoscode=admission.hospcode) as ampcode,\r\n          0 as target,\r\n          count(*) as total,\r\n          sum(if(month(admission.DATETIME_ADMIT) =10,1,0)) as mon10,\r\n          sum(if(month(admission.DATETIME_ADMIT) =11,1,0)) as mon11,\r\n          sum(if(month(admission.DATETIME_ADMIT) =12,1,0)) as mon12,\r\n          sum(if(month(admission.DATETIME_ADMIT) =1,1,0)) as mon1,\r\n          sum(if(month(admission.DATETIME_ADMIT) =2,1,0)) as mon2,\r\n          sum(if(month(admission.DATETIME_ADMIT) =3,1,0)) as mon3,\r\n          sum(if(month(admission.DATETIME_ADMIT) =4,1,0)) as mon4,\r\n          sum(if(month(admission.DATETIME_ADMIT) =5,1,0)) as mon5,\r\n          sum(if(month(admission.DATETIME_ADMIT) =6,1,0)) as mon6,\r\n          sum(if(month(admission.DATETIME_ADMIT) =7,1,0)) as mon7,\r\n          sum(if(month(admission.DATETIME_ADMIT) =8,1,0)) as mon8,\r\n          sum(if(month(admission.DATETIME_ADMIT) =9,1,0)) as mon9,\r\n          0.00 as ratio  \r\nfrom admission\r\ninner join chospital on chospital.hoscode=admission.hospcode\r\nwhere   admission.DATETIME_ADMIT between @bdate_result and @edate_result        \r\nand  chospital.provcode = @provcode and chospital.hostype  in (\'05\',\'06\',\'07\')\r\nGROUP BY admission.hospcode;', 'kpi_type_total', '2015-06-05 11:54:58', null, null, '0', 't00200', '1', '0', null);
INSERT INTO `sync_datascript` VALUES ('0008', 'CMI', 'set @rep_year = :rep_year;\r\nset @provcode = :provcode;\r\n\r\nselect \'00300\' as kpi,@rep_year,hospcode,@provcode,          \r\n  sumcase,\r\n  sumadjrw,\r\n  splevel,\r\n  refcmi,\r\n  pctlowcmi,\r\n  cntm10,\r\n  sumadjm10,\r\n  cntm11,\r\n  sumadjm11,\r\n  cntm12,\r\n  sumadjm12,\r\n  cntm01,\r\n  sumadjm01,\r\n  cntm02,\r\n  sumadjm02,\r\n  cntm03,\r\n  sumadjm03,\r\n  cntm04,\r\n  sumadjm04,\r\n  cntm05,\r\n  sumadjm05,\r\n  cntm06,\r\n  sumadjm06,\r\n  cntm07,\r\n  sumadjm07,\r\n  cntm08,\r\n  sumadjm08,\r\n  cntm09,\r\n  sumadjm09\r\nfrom s_cmi_summary_region cmi\r\nwhere   cmi.b_year-543 = @rep_year;      ', 'kpi_cmi', '2015-06-05 11:46:04', null, null, '0', 't00300', '1', '0', null);
INSERT INTO `sync_datascript` VALUES ('0009', '10 อันดับผู้ป่วยนอก', 'set @rep_year = :rep_year;\r\nset @provcode = :provcode;\r\nset @bdate_result =concat(@rep_year-1,\'1001\');\r\nset @edate_result =concat(@rep_year,\'0930\');\r\n\r\nselect @rep_year,@provcode,d.diagcode,c.diseasethai,count(*) as total\r\nfrom diagnosis_opd d\r\ninner join cdisease c on d.diagcode = c.diagcode\r\nwhere d.diagcode not like \'Z%\'\r\nand d.date_serv between  @bdate_result and @edate_result\r\ngroup by d.diagcode\r\norder by total desc limit 10', 'dashboard_top10_opd', '2015-06-18 11:28:11', null, null, '0', null, '1', '0', null);
INSERT INTO `sync_datascript` VALUES ('0010', '10 อันดับผู้ป่วยใน', 'set @rep_year = :rep_year;\r\nset @provcode = :provcode;\r\nset @bdate_result =concat(@rep_year-1,\'1001\');\r\nset @edate_result =concat(@rep_year,\'0930235959\');\r\n\r\nselect @rep_year,@provcode,d.diagcode,c.diseasethai,count(*) as total\r\nfrom diagnosis_ipd d\r\ninner join cdisease c on d.diagcode = c.diagcode\r\nwhere d.diagcode not like \'Z%\'\r\nand d.datetime_admit between  @bdate_result and @edate_result\r\ngroup by d.diagcode\r\norder by total desc limit 10', 'dashboard_top10_ipd', '2015-06-18 11:29:17', null, null, '0', null, '1', '0', null);
INSERT INTO `sync_datascript` VALUES ('0011', '4 กลุ่มโรค 504', 'set @rep_year = :rep_year;\r\nset @provcode = :provcode;\r\nset @bdate_result =concat(@rep_year-1,\'1001\');\r\nset @edate_result =concat(@rep_year,\'0930\');\r\n\r\nselect @rep_year,@provcode,sum(if(d.DIAGCODE BETWEEN \'C00\' and \'C9799\' or d.DIAGCODE BETWEEN \'D00\' and \'B4899\',1,0) ) as total1, \r\n          sum(if(d.DIAGCODE BETWEEN \'E00\' and \'E9999\' ,1,0) ) as total2,\r\n          sum(if(d.DIAGCODE BETWEEN \'I00\' and \'I9999\' ,1,0) ) as total3,\r\n          sum(if(d.DIAGCODE BETWEEN \'M00\' and \'M9999\' ,1,0) ) as total4\r\nfrom diagnosis_opd d\r\nwhere  d.date_serv between  @bdate_result and @edate_result', 'dashboard_504', '2015-06-18 13:09:46', null, null, '0', null, '1', '0', null);

-- ----------------------------
-- Table structure for sync_datauser
-- ----------------------------
DROP TABLE IF EXISTS `sync_datauser`;
CREATE TABLE `sync_datauser` (
  `loginname` varchar(255) NOT NULL,
  `password` varchar(255) DEFAULT NULL,
  `fullname` varchar(255) DEFAULT NULL,
  PRIMARY KEY (`loginname`)
) ENGINE=InnoDB DEFAULT CHARSET=utf8;

-- ----------------------------
-- Records of sync_datauser
-- ----------------------------
INSERT INTO `sync_datauser` VALUES ('admin', 'C0B8E8DC48CA9019EB2C2CAB7DBF2D4F576805A491ACE7716357ABA737602853ECA8B6D3B3D9', 'admin');
INSERT INTO `sync_datauser` VALUES ('sa', 'C0B8E8DC48CA9019EB2C2CAB7DBF2D4F576805A491ACE7716357ABA737602853AEF8', 'System Administrator');

-- ----------------------------
-- Table structure for sync_rep_log
-- ----------------------------
DROP TABLE IF EXISTS `sync_rep_log`;
CREATE TABLE `sync_rep_log` (
  `client_id` varchar(5) NOT NULL,
  `date_send` datetime NOT NULL,
  `rep_id` varchar(255) NOT NULL,
  `total_record` int(255) DEFAULT NULL,
  PRIMARY KEY (`client_id`,`date_send`,`rep_id`)
) ENGINE=InnoDB DEFAULT CHARSET=utf8;

-- ----------------------------
-- Records of sync_rep_log
-- ----------------------------
INSERT INTO `sync_rep_log` VALUES ('00051', '2015-05-28 21:39:19', '00200', '159');
INSERT INTO `sync_rep_log` VALUES ('00051', '2015-05-28 23:51:12', '00300', '159');
INSERT INTO `sync_rep_log` VALUES ('00051', '2015-05-29 00:38:01', '00300', '159');
INSERT INTO `sync_rep_log` VALUES ('00051', '2015-06-01 19:51:07', '01100', '6');
INSERT INTO `sync_rep_log` VALUES ('00051', '2015-06-01 19:57:44', '01100', '2');
INSERT INTO `sync_rep_log` VALUES ('00051', '2015-06-01 19:58:12', '00300', '158');
INSERT INTO `sync_rep_log` VALUES ('00051', '2015-06-01 19:58:39', '00200', '158');
INSERT INTO `sync_rep_log` VALUES ('00051', '2015-06-04 23:21:02', '00300', '7');
INSERT INTO `sync_rep_log` VALUES ('00051', '2015-06-04 23:21:17', '00200', '10');
INSERT INTO `sync_rep_log` VALUES ('00051', '2015-06-04 23:22:03', '00100', '10');
INSERT INTO `sync_rep_log` VALUES ('00051', '2015-06-04 23:24:48', '00200', '10');
INSERT INTO `sync_rep_log` VALUES ('00051', '2015-06-04 23:26:31', '00200', '159');
INSERT INTO `sync_rep_log` VALUES ('00051', '2015-06-09 19:33:49', '01100', '3');
INSERT INTO `sync_rep_log` VALUES ('00051', '2015-06-09 19:34:11', '01100', '2');
INSERT INTO `sync_rep_log` VALUES ('00051', '2015-06-09 19:34:35', '01100', '6');
INSERT INTO `sync_rep_log` VALUES ('00051', '2015-06-16 20:09:02', 'r00200', '158');
INSERT INTO `sync_rep_log` VALUES ('00051', '2015-06-16 20:09:23', 'r00300', '158');
INSERT INTO `sync_rep_log` VALUES ('00051', '2015-06-16 20:10:07', 'm01100', '2');
INSERT INTO `sync_rep_log` VALUES ('00051', '2015-06-16 20:10:42', 'm00200', '158');
INSERT INTO `sync_rep_log` VALUES ('00051', '2015-06-16 20:11:26', 't00100', '10');
INSERT INTO `sync_rep_log` VALUES ('00051', '2015-06-16 20:11:39', 't00200', '10');
INSERT INTO `sync_rep_log` VALUES ('00051', '2015-06-16 20:13:15', 't00300', '7');
INSERT INTO `sync_rep_log` VALUES ('00051', '2015-06-16 20:13:33', 't00200', '10');
INSERT INTO `sync_rep_log` VALUES ('00051', '2015-06-16 20:14:00', 't00100', '10');
INSERT INTO `sync_rep_log` VALUES ('00051', '2015-06-16 20:14:18', 'm00200', '159');
INSERT INTO `sync_rep_log` VALUES ('00051', '2015-06-16 20:14:30', 'm01100', '6');
INSERT INTO `sync_rep_log` VALUES ('00051', '2015-06-16 20:14:46', 'r00300', '159');
INSERT INTO `sync_rep_log` VALUES ('00051', '2015-06-16 20:15:13', 'r00200', '159');
INSERT INTO `sync_rep_log` VALUES ('00051', '2015-06-17 21:35:54', '', '10');
INSERT INTO `sync_rep_log` VALUES ('00051', '2015-06-17 21:36:44', '', '10');
INSERT INTO `sync_rep_log` VALUES ('00051', '2015-06-17 21:36:57', '', '10');
INSERT INTO `sync_rep_log` VALUES ('00051', '2015-06-17 21:37:10', '', '10');
INSERT INTO `sync_rep_log` VALUES ('00051', '2015-06-17 23:11:42', '', '1');
INSERT INTO `sync_rep_log` VALUES ('00051', '2015-06-17 23:13:35', '', '1');

-- ----------------------------
-- Table structure for tmp_kpi_cmi
-- ----------------------------
DROP TABLE IF EXISTS `tmp_kpi_cmi`;
CREATE TABLE `tmp_kpi_cmi` (
  `rep_year` varchar(4),
  `provname` varchar(255) DEFAULT NULL,
  `hospcode` varchar(255) NOT NULL,
  `hospname` varchar(255) DEFAULT NULL,
  `sumcase` int(11) DEFAULT NULL,
  `sumadjrw` decimal(12,4) DEFAULT NULL,
  `refcmi` decimal(11,4) DEFAULT NULL
) ENGINE=InnoDB DEFAULT CHARSET=utf8;

-- ----------------------------
-- Records of tmp_kpi_cmi
-- ----------------------------
INSERT INTO `tmp_kpi_cmi` VALUES (null, 'ตาก', '11243', 'รพ.อุ้มผาง', null, null, null);
INSERT INTO `tmp_kpi_cmi` VALUES (null, 'อุตรดิตถ์', '10673', 'รพ.อุตรดิตถ์', null, null, null);
INSERT INTO `tmp_kpi_cmi` VALUES (null, 'เพชรบูรณ์', '11267', 'รพ.ศรีเทพ', null, null, null);
INSERT INTO `tmp_kpi_cmi` VALUES (null, 'อุตรดิตถ์', '11165', 'รพ.ทองแสนขัน', null, null, null);
INSERT INTO `tmp_kpi_cmi` VALUES (null, 'สุโขทัย', '11250', 'รพ.ทุ่งเสลี่ยม', null, null, null);
INSERT INTO `tmp_kpi_cmi` VALUES (null, 'อุตรดิตถ์', '11159', 'รพ.ท่าปลา', null, null, null);
INSERT INTO `tmp_kpi_cmi` VALUES (null, 'ตาก', '27443', 'รพช. วังเจ้า', null, null, null);
INSERT INTO `tmp_kpi_cmi` VALUES (null, 'สุโขทัย', '11244', 'รพ.บ้านด่านลานหอย', null, null, null);
INSERT INTO `tmp_kpi_cmi` VALUES (null, 'ตาก', '10722', 'รพ.สมเด็จพระเจ้าตากสินมหาราช', null, null, null);
INSERT INTO `tmp_kpi_cmi` VALUES (null, 'เพชรบูรณ์', '11268', 'รพ.หนองไผ่', null, null, null);
INSERT INTO `tmp_kpi_cmi` VALUES (null, 'ตาก', '11238', 'รพ.บ้านตาก', null, null, null);
INSERT INTO `tmp_kpi_cmi` VALUES (null, 'พิษณุโลก', '11255', 'รพ.วัดโบสถ์', null, null, null);
INSERT INTO `tmp_kpi_cmi` VALUES (null, 'อุตรดิตถ์', '11160', 'รพ.น้ำปาด', null, null, null);
INSERT INTO `tmp_kpi_cmi` VALUES (null, 'สุโขทัย', '11245', 'รพ.คีรีมาศ', null, null, null);
INSERT INTO `tmp_kpi_cmi` VALUES (null, 'ตาก', '10723', 'รพ.แม่สอด', null, null, null);
INSERT INTO `tmp_kpi_cmi` VALUES (null, 'เพชรบูรณ์', '11269', 'รพ.บึงสามพัน', null, null, null);
INSERT INTO `tmp_kpi_cmi` VALUES (null, 'ตาก', '11239', 'รพ.สามเงา', null, null, null);
INSERT INTO `tmp_kpi_cmi` VALUES (null, 'พิษณุโลก', '11257', 'รพ.เนินมะปราง', null, null, null);
INSERT INTO `tmp_kpi_cmi` VALUES (null, 'อุตรดิตถ์', '11161', 'รพ.ฟากท่า', null, null, null);
INSERT INTO `tmp_kpi_cmi` VALUES (null, 'สุโขทัย', '11246', 'รพ.กงไกรลาศ', null, null, null);
INSERT INTO `tmp_kpi_cmi` VALUES (null, 'สุโขทัย', '10724', 'รพ.สุโขทัย', null, null, null);
INSERT INTO `tmp_kpi_cmi` VALUES (null, 'เพชรบูรณ์', '11270', 'รพ.น้ำหนาว', null, null, null);
INSERT INTO `tmp_kpi_cmi` VALUES (null, 'ตาก', '11240', 'รพ.แม่ระมาด', null, null, null);
INSERT INTO `tmp_kpi_cmi` VALUES (null, 'เพชรบูรณ์', '11264', 'รพ.ชนแดน', null, null, null);
INSERT INTO `tmp_kpi_cmi` VALUES (null, 'อุตรดิตถ์', '11162', 'รพ.บ้านโคก', null, null, null);
INSERT INTO `tmp_kpi_cmi` VALUES (null, 'สุโขทัย', '11247', 'รพ.ศรีสัชนาลัย', null, null, null);
INSERT INTO `tmp_kpi_cmi` VALUES (null, 'สุโขทัย', '10725', 'รพ.ศรีสังวรสุโขทัย', null, null, null);
INSERT INTO `tmp_kpi_cmi` VALUES (null, 'เพชรบูรณ์', '11271', 'รพ.วังโป่ง', null, null, null);
INSERT INTO `tmp_kpi_cmi` VALUES (null, 'ตาก', '11241', 'รพ.ท่าสองยาง', null, null, null);
INSERT INTO `tmp_kpi_cmi` VALUES (null, 'เพชรบูรณ์', '11265', 'รพ.หล่มสัก', null, null, null);
INSERT INTO `tmp_kpi_cmi` VALUES (null, 'อุตรดิตถ์', '11163', 'รพ.พิชัย', null, null, null);
INSERT INTO `tmp_kpi_cmi` VALUES (null, 'สุโขทัย', '11248', 'รพ.สวรรคโลก', null, null, null);
INSERT INTO `tmp_kpi_cmi` VALUES (null, 'เพชรบูรณ์', '10727', 'รพ.เพชรบูรณ์', null, null, null);
INSERT INTO `tmp_kpi_cmi` VALUES (null, 'เพชรบูรณ์', '11272', 'รพ.เขาค้อ', null, null, null);
INSERT INTO `tmp_kpi_cmi` VALUES (null, 'ตาก', '11242', 'รพ.พบพระ', null, null, null);
INSERT INTO `tmp_kpi_cmi` VALUES (null, 'เพชรบูรณ์', '11266', 'รพ.วิเชียรบุรี', null, null, null);
INSERT INTO `tmp_kpi_cmi` VALUES (null, 'อุตรดิตถ์', '11164', 'รพ.ลับแล', null, null, null);
INSERT INTO `tmp_kpi_cmi` VALUES (null, 'สุโขทัย', '11249', 'รพ.ศรีนคร', null, null, null);
INSERT INTO `tmp_kpi_cmi` VALUES (null, 'อุตรดิตถ์', '11158', 'รพ.ตรอน', null, null, null);
INSERT INTO `tmp_kpi_cmi` VALUES (null, 'เพชรบูรณ์', '11457', 'รพร.หล่มเก่า', null, null, null);
INSERT INTO `tmp_kpi_cmi` VALUES ('2015', 'พิษณุโลก', '11256', 'รพ.วังทอง', '3111', '124.6998', '0.6000');
INSERT INTO `tmp_kpi_cmi` VALUES ('2015', 'พิษณุโลก', '11254', 'รพ.พรหมพิราม', '2299', '1571.8319', '0.6000');
INSERT INTO `tmp_kpi_cmi` VALUES ('2015', 'พิษณุโลก', '11253', 'รพ.บางกระทุ่ม', '1641', '988.5977', '0.6000');
INSERT INTO `tmp_kpi_cmi` VALUES ('2015', 'พิษณุโลก', '11252', 'รพ.บางระกำ', '974', '514.6246', '0.6000');
INSERT INTO `tmp_kpi_cmi` VALUES ('2015', 'พิษณุโลก', '11251', 'รพ.ชาติตระการ', '1565', '95.5679', '0.6000');
INSERT INTO `tmp_kpi_cmi` VALUES ('2015', 'พิษณุโลก', '10676', 'รพ.พุทธชินราช', '37139', '0.0000', '1.6000');
INSERT INTO `tmp_kpi_cmi` VALUES ('2015', 'พิษณุโลก', '11455', 'รพร.นครไทย', '3555', '251.8068', '0.8000');

-- ----------------------------
-- Table structure for topic_all
-- ----------------------------
DROP TABLE IF EXISTS `topic_all`;
CREATE TABLE `topic_all` (
  `id` varchar(6) NOT NULL,
  `topic` varchar(255) DEFAULT NULL,
  `kpi_group` enum('moph','region','qof','other') DEFAULT NULL,
  `resource` enum('INPUT','F43') DEFAULT NULL,
  `table_type` enum('3','2','1') DEFAULT NULL,
  `baseline` decimal(10,0) DEFAULT NULL,
  `frequency` enum('mon','year') DEFAULT NULL,
  `note1` varchar(255) DEFAULT NULL,
  `note2` varchar(255) DEFAULT NULL,
  `note3` varchar(255) DEFAULT NULL,
  `note4` varchar(255) DEFAULT NULL,
  `note5` varchar(255) DEFAULT NULL,
  PRIMARY KEY (`id`)
) ENGINE=InnoDB DEFAULT CHARSET=utf8;

-- ----------------------------
-- Records of topic_all
-- ----------------------------
INSERT INTO `topic_all` VALUES ('m00101', 'อัตราส่วนการตายมารดาต่อการเกิดมีชีพแสนคน', 'moph', 'INPUT', '1', null, 'mon', null, null, null, null, null);
INSERT INTO `topic_all` VALUES ('m00200', 'รายงานร้อยละของเด็กที่มีพัฒนาการสมวัย(43แฟ้ม)', 'moph', 'F43', '1', null, 'mon', null, null, null, null, null);
INSERT INTO `topic_all` VALUES ('m00300', 'รายงานร้อยละเด็กวัยเรียน ๖-๑๔ ปี มีภาวะเริ่มอ้วนและอ้วน (น้ำหนักต่อส่วนสูง)(43แฟ้ม)', 'moph', 'F43', '1', null, 'mon', null, null, null, null, null);
INSERT INTO `topic_all` VALUES ('m00400', 'รายงานอัตราการเสียชีวิตจากการจมน้ำของเด็กอายุต่ำกว่า ๑๕ ปี', 'moph', 'INPUT', '2', null, 'mon', null, null, null, null, null);
INSERT INTO `topic_all` VALUES ('m00500', 'รายงานรอัตราการคลอดมีชีพในหญิงอายุ ๑๕-๑๙ ปี', 'moph', 'INPUT', '1', null, 'mon', null, null, null, null, null);
INSERT INTO `topic_all` VALUES ('m00600', 'ความชุกผู้บริโภคเครื่องดื่มแอลกอฮอล์ในประชากรอายุ 15-19 ปี ไม่เพิ่มขึ้น', 'moph', 'INPUT', '2', null, 'mon', null, null, null, null, null);
INSERT INTO `topic_all` VALUES ('m00700', 'รายงานอัตราการเสียชีวิตจากอุบัติเหตุทางถนน', 'moph', 'INPUT', '1', null, 'mon', null, null, null, null, null);
INSERT INTO `topic_all` VALUES ('m00800', 'รายงานอัตราตายจากโรคหลอดเลือดหัวใจ', 'moph', 'INPUT', '1', null, 'mon', null, null, null, null, null);
INSERT INTO `topic_all` VALUES ('m00900', 'ร้อยละของผู้สูงอายุมีพฤติกรรมสุขภาพที่พึงประสงค์', 'moph', 'INPUT', '1', null, 'mon', null, null, null, null, null);
INSERT INTO `topic_all` VALUES ('m01000', 'ร้อยละของอำเภอที่มี District Health System (DHS) ที่เชื่อมโยงระบบ บริการปฐมภูมิกับชุมชนและท้องถิ่นอย่างมีคุณภาพ', 'moph', 'INPUT', '3', null, 'year', null, null, null, null, null);
INSERT INTO `topic_all` VALUES ('m01100', 'รายงานจำนวนการส่งต่อผู้ป่วยนอกจังหวัด(43แฟ้ม)', 'moph', 'F43', '1', null, 'mon', null, null, null, null, null);
INSERT INTO `topic_all` VALUES ('m01200', 'ร้อยละของอำเภอที่สามารถควบคุมโรคติดต่อสำคัญของพื้นที่ได้', 'moph', 'INPUT', '3', null, 'year', null, null, null, null, null);
INSERT INTO `topic_all` VALUES ('m01300', 'ร้อยละของอำเภอชายแดนสามารถควบคุมโรคติดต่อสาคัญของพื้นที่ชายแดน', 'moph', 'INPUT', '3', null, 'mon', null, null, null, null, null);
INSERT INTO `topic_all` VALUES ('m01400', 'ระดับความสําเร็จของการดําเนินงานคุ้มครองผู้บริโภคด้านผลิตภัณฑ์', 'moph', 'INPUT', '3', null, 'mon', null, null, null, null, null);
INSERT INTO `topic_all` VALUES ('m01500', 'อัตราการหยุดเสพ (remission rate)', 'moph', 'INPUT', '3', null, 'mon', null, null, null, null, null);
INSERT INTO `topic_all` VALUES ('m01600', 'มีเครือข่ายนักกฎหมายที่เข็มแข็งและบังคับใช้กฏหมายในเรื่องที่สำคัญ', 'moph', 'INPUT', '3', null, 'mon', null, null, null, null, null);
INSERT INTO `topic_all` VALUES ('m01700', 'มีระบบฐานข้อมูลและสถานการณ์สิ่งแวดล้อมและสุขภาพ ระบบเฝ้าระวังด้าน สิ่งแวดล้อมและสุขภาพ', 'moph', 'INPUT', '2', null, 'mon', null, null, null, null, null);
INSERT INTO `topic_all` VALUES ('m01800', 'แผนพัฒนาบุคลากรอย่างมืออาชีพในระดับจังหวัด', 'moph', 'INPUT', '3', null, 'mon', null, null, null, null, null);
INSERT INTO `topic_all` VALUES ('m01900', 'ประสิทธิภาพการบริหารการเงินสามารถควบคุมปัญหาทางการเงินระดับ 7 ของ หน่วยบริการในพื้นที่', 'moph', 'INPUT', '1', null, 'mon', null, null, null, null, null);
INSERT INTO `topic_all` VALUES ('m02001', 'ลดต้นทุนของยา เวชภัณฑ์ และเวชภัณฑ์ที่ไม่ใช่ยา \r\n(ต้นทุนค่าเวชภัณฑ์ฯของหน่วยงาน)', 'moph', 'INPUT', '1', null, 'mon', null, null, null, null, null);
INSERT INTO `topic_all` VALUES ('m02002', 'ลดต้นทุนของยา เวชภัณฑ์ และเวชภัณฑ์ที่ไม่ใช่ยา \r\n(มูลค่าการจัดซื้อร่วมยาและเวชภัณฑ์ฯ ของหน่วยงาน)', 'moph', 'INPUT', '1', null, 'mon', null, null, null, null, null);
INSERT INTO `topic_all` VALUES ('m02100', 'ค่าดัชนีวัดภาพลักษณ์คอรับชั่นของประเทศไทย (CPI) มีระดับดีขึ้น(ผ่านเกณฑ์ITA มากกว่าร้อยละ 50 )', 'moph', 'INPUT', null, null, 'mon', null, null, null, null, null);
INSERT INTO `topic_all` VALUES ('q00101', 'รายงานร้อยละหญิงตั้งครรภ์ที่มาฝากครรภ์ครั้งแรกก่อน ๑๒ สัปดาห์', 'qof', 'INPUT', null, null, 'mon', null, null, null, null, null);
INSERT INTO `topic_all` VALUES ('q00102', 'รายงานร้อยละหญิงตั้งครรภ์ได้รับการฝากครรภ์ครบ ๕ ครั้งตามเกณฑ์', 'qof', 'INPUT', null, null, 'mon', null, null, null, null, null);
INSERT INTO `topic_all` VALUES ('q00103', 'รายงานป้องกันและควบคุมโรคมะเร็งปากมดลูก', 'qof', 'INPUT', null, null, 'mon', null, null, null, null, null);
INSERT INTO `topic_all` VALUES ('q00104', 'รายงานร้อยละของเด็กอายุ 1 ปี ได้รับวัคซีนโรคหัด', 'qof', 'INPUT', null, null, 'mon', null, null, null, null, null);
INSERT INTO `topic_all` VALUES ('q00105', 'รายงานการได้รับบริการตรวจสุขภาพช่องปากเด็ก ป.1', 'qof', 'INPUT', null, null, 'mon', null, null, null, null, null);
INSERT INTO `topic_all` VALUES ('q00106', 'รายงานการได้รับการเคลือบหลุมร่องฟันเด็ก ป.1', 'qof', 'INPUT', null, null, 'mon', null, null, null, null, null);
INSERT INTO `topic_all` VALUES ('q00201', 'รายงานร้อยละการใช้บริการของประชาชนในเขตรับผิดชอบใช้บริการผู้ป่วยนอก (OPD) ที่หน่วยบริการปฐมภูมิ (OP Visit)', 'qof', 'INPUT', null, null, 'mon', null, null, null, null, null);
INSERT INTO `topic_all` VALUES ('q00202', 'รายงานอัตราการรับไว้รักษาในโรงพยาบาลผู้ป่วยโรคหืด', 'qof', 'INPUT', '', null, 'mon', null, null, null, null, null);
INSERT INTO `topic_all` VALUES ('q00203', 'รายงานอัตราการใช้บริการของผู้ป่วยในด้วยโรคเบาหวานที่มีภาวะแทรกซ้อนระยะสั้นสิทธิ UC', 'qof', 'INPUT', null, null, 'mon', null, null, null, null, null);
INSERT INTO `topic_all` VALUES ('q00204', 'รายงานอัตราการรับไว้รักษาในโรงพยาบาล (Admission rate) โดยโรคความดันโลหิตสูงหรือภาวะแทรกซ้อนของความดันโลหิตสูง สิทธิ UC', 'qof', 'INPUT', null, null, 'mon', null, null, null, null, null);
INSERT INTO `topic_all` VALUES ('q00205', 'รายงานหน่วยบริการที่มีการสั่งยาสมุนไพร (43 แฟ้ม)', 'qof', 'INPUT', null, null, 'mon', null, null, null, null, null);
INSERT INTO `topic_all` VALUES ('q00301', 'ร้อยละประชาชนมีหมอใกล้บ้านใกล้ใจดูแล', 'qof', 'INPUT', null, null, 'mon', null, null, null, null, null);
INSERT INTO `topic_all` VALUES ('q00302', 'ร้อยละหน่วยบริการปฐมภูมิผ่านเกณฑ์ขึ้นทะเบียน', 'qof', 'INPUT', null, null, 'mon', null, null, null, null, null);
INSERT INTO `topic_all` VALUES ('r00100', 'ร้อยละของ MCH Board ระดับจังหวัด มีกลไกในการเฝ้าระวังและแก้ปัญหาสุขภาพอนามัยแม่และเด็ก', 'region', 'INPUT', '3', null, 'mon', null, null, null, null, null);
INSERT INTO `topic_all` VALUES ('r00200', 'ร้อยละของเด็กอายุ 0-3 ปี มีพัฒนาการสมวัย  (มากกว่าร้อยละ  85)(43แฟ้ม)', 'region', 'F43', '1', null, 'mon', null, null, null, null, null);
INSERT INTO `topic_all` VALUES ('r00300', 'ร้อยละของเด็ก 0-3 ปี ได้รับวัคซีน MMR ตามเกณฑ์ (มากกว่าร้อยละ  95)(43แฟ้ม)', 'region', 'F43', '1', null, 'mon', null, null, null, null, null);
INSERT INTO `topic_all` VALUES ('r00400', 'ความสำเร็จของตัวชี้วัดตาม Service Plan แต่ละสาขาไม่น้อยกว่า  ร้อยละ  80', 'region', 'INPUT', '1', null, 'mon', null, null, null, null, null);
INSERT INTO `topic_all` VALUES ('r00500', 'ความครอบคลุมของหน่วยงาน/สถานบริการ ที่บุคลากรมีความผาสุก (Happyness Index) ตามเกณฑ์กรมสุขภาพจิต (≥ ร้อยละ 90 )', 'region', 'INPUT', '1', null, 'mon', null, null, null, null, null);
INSERT INTO `topic_all` VALUES ('r00600', 'ร้อยละของ สสจ.และ CUP ผ่านเกณฑ์การตรวจสอบคุณภาพบัญชีทางอิเลคทรอนิคส์ เฉลี่ยร้อยละ 95  ขึ้นไป                                                                                   ', 'region', 'INPUT', '3', null, 'mon', null, null, null, null, null);
INSERT INTO `topic_all` VALUES ('r00700', 'ระดับความสําเร็จของการจัดการความรู้ของหน่วยงานตามหลัก กพร.ที่นำไปสู่การแก้ไขปัญหาสุขภาพในพื้นที่ที่เป็นปัญหาหลักอย่างเป็นรูปธรรม   เป้าหมายความสำเร็จ ขั้นตอนที่  5', 'region', 'INPUT', '1', null, 'mon', null, null, null, null, null);
INSERT INTO `topic_all` VALUES ('t00100', 'จำนวนผู้มารับบริการผู้ป่วยนอก', 'other', 'INPUT', '1', null, 'mon', null, null, null, null, null);
INSERT INTO `topic_all` VALUES ('t00200', 'จำนวนผู้มารับบริการผู้ป่วยใน', 'other', 'INPUT', '1', null, 'mon', null, null, null, null, null);
INSERT INTO `topic_all` VALUES ('t00300', 'CMI', 'other', 'INPUT', '1', null, 'mon', null, null, null, null, null);
INSERT INTO `topic_all` VALUES ('t00400', '5 อันดับโรค', 'other', 'INPUT', '1', null, 'mon', null, null, null, null, null);

-- ----------------------------
-- Table structure for topic_moph
-- ----------------------------
DROP TABLE IF EXISTS `topic_moph`;
CREATE TABLE `topic_moph` (
  `id` varchar(10) NOT NULL,
  `topic` varchar(255) DEFAULT NULL,
  `note1` varchar(255) DEFAULT NULL,
  `note2` varchar(255) DEFAULT NULL,
  `note3` varchar(255) DEFAULT NULL,
  `note4` varchar(255) DEFAULT NULL,
  `note5` varchar(255) DEFAULT NULL,
  PRIMARY KEY (`id`)
) ENGINE=InnoDB DEFAULT CHARSET=utf8;

-- ----------------------------
-- Records of topic_moph
-- ----------------------------
INSERT INTO `topic_moph` VALUES ('00101', 'อัตราส่วนการตายมารดาต่อการเกิดมีชีพแสนคน', null, null, null, null, null);
INSERT INTO `topic_moph` VALUES ('00200', 'รายงานร้อยละของเด็กที่มีพัฒนาการสมวัย', null, null, null, null, null);
INSERT INTO `topic_moph` VALUES ('00300', 'รายงานร้อยละเด็กวัยเรียน ๖-๑๔ ปี มีภาวะเริ่มอ้วนและอ้วน (น้ำหนักต่อส่วนสูง)', null, null, null, null, null);
INSERT INTO `topic_moph` VALUES ('00400', 'รายงานอัตราการเสียชีวิตจากการจมน้ำของเด็กอายุต่ำกว่า ๑๕ ปี', null, null, null, null, null);
INSERT INTO `topic_moph` VALUES ('00500', 'รายงานรอัตราการคลอดมีชีพในหญิงอายุ ๑๕-๑๙ ปี', null, null, null, null, null);
INSERT INTO `topic_moph` VALUES ('00600', 'ความชุกผู้บริโภคเครื่องดื่มแอลกอฮอล์ในประชากรอายุ 15-19 ปี ไม่เพิ่มขึ้น', null, null, null, null, null);
INSERT INTO `topic_moph` VALUES ('00700', 'รายงานอัตราการเสียชีวิตจากอุบัติเหตุทางถนน', null, null, null, null, null);
INSERT INTO `topic_moph` VALUES ('00800', 'รายงานอัตราตายจากโรคหลอดเลือดหัวใจ', null, null, null, null, null);
INSERT INTO `topic_moph` VALUES ('00900', 'ร้อยละของผู้สูงอายุมีพฤติกรรมสุขภาพที่พึงประสงค์', null, null, null, null, null);
INSERT INTO `topic_moph` VALUES ('01000', 'ร้อยละของอำเภอที่มี District Health System (DHS) ที่เชื่อมโยงระบบ บริการปฐมภูมิกับชุมชนและท้องถิ่นอย่างมีคุณภาพ', null, null, null, null, null);
INSERT INTO `topic_moph` VALUES ('01100', 'รายงานจำนวนการส่งต่อผู้ป่วยนอกจังหวัด', null, null, null, null, null);
INSERT INTO `topic_moph` VALUES ('01200', 'ร้อยละของอำเภอที่สามารถควบคุมโรคติดต่อสาคัญของพื้นที่ได้', null, null, null, null, null);
INSERT INTO `topic_moph` VALUES ('01300', 'ร้อยละของอำเภอชายแดนสามารถควบคุมโรคติดต่อสาคัญของพื้นที่ชายแดน', null, null, null, null, null);
INSERT INTO `topic_moph` VALUES ('01400', 'ระดับความสําเร็จของการดําเนินงานคุ้มครองผู้บริโภคด้านผลิตภัณฑ์', null, null, null, null, null);
INSERT INTO `topic_moph` VALUES ('01500', 'อัตราการหยุดเสพ (remission rate)', null, null, null, null, null);
INSERT INTO `topic_moph` VALUES ('01600', 'มีเครือข่ายนักกฎหมายที่เข็มแข็งและบังคับใช้กฏหมายในเรื่องที่สำคัญ', null, null, null, null, null);
INSERT INTO `topic_moph` VALUES ('01700', 'มีระบบฐานข้อมูลและสถานการณ์สิ่งแวดล้อมและสุขภาพ ระบบเฝ้าระวังด้าน สิ่งแวดล้อมและสุขภาพ', null, null, null, null, null);
INSERT INTO `topic_moph` VALUES ('01800', 'แผนพัฒนาบุคลากรอย่างมืออาชีพในระดับจังหวัด', null, null, null, null, null);
INSERT INTO `topic_moph` VALUES ('01900', 'ประสิทธิภาพการบริหารการเงินสามารถควบคุมปัญหาทางการเงินระดับ 7 ของ หน่วยบริการในพื้นที่', null, null, null, null, null);
INSERT INTO `topic_moph` VALUES ('02001', 'ลดต้นทุนของยา เวชภัณฑ์ และเวชภัณฑ์ที่ไม่ใช่ยา \r\n(ต้นทุนค่าเวชภัณฑ์ฯของหน่วยงาน)', null, null, null, null, null);
INSERT INTO `topic_moph` VALUES ('02002', 'ลดต้นทุนของยา เวชภัณฑ์ และเวชภัณฑ์ที่ไม่ใช่ยา \r\n(มูลค่าการจัดซื้อร่วมยาและเวชภัณฑ์ฯ ของหน่วยงาน)', null, null, null, null, null);
INSERT INTO `topic_moph` VALUES ('02100', 'ค่าดัชนีวัดภาพลักษณ์คอรับชั่นของประเทศไทย (CPI) มีระดับดีขึ้น(ผ่านเกณฑ์ITA มากกว่าร้อยละ 50 )', null, null, null, null, null);

-- ----------------------------
-- Table structure for topic_other
-- ----------------------------
DROP TABLE IF EXISTS `topic_other`;
CREATE TABLE `topic_other` (
  `id` varchar(11) NOT NULL,
  `topic` varchar(255) DEFAULT NULL,
  `note1` varchar(255) DEFAULT NULL COMMENT 'แหล่งข้อมูล',
  `note2` varchar(255) DEFAULT NULL COMMENT 'ผ่านเกณฑ์',
  `note3` varchar(255) DEFAULT NULL,
  `note4` varchar(255) DEFAULT NULL,
  `note5` varchar(255) DEFAULT NULL,
  PRIMARY KEY (`id`)
) ENGINE=InnoDB DEFAULT CHARSET=utf8;

-- ----------------------------
-- Records of topic_other
-- ----------------------------
INSERT INTO `topic_other` VALUES ('00100', 'จำนวนผู้มารับบริการผู้ป่วยนอก', '', '', null, null, null);
INSERT INTO `topic_other` VALUES ('00200', 'จำนวนผู้มารับบริการผู้ป่วยใน', '', '', null, null, null);
INSERT INTO `topic_other` VALUES ('00300', 'CMI', null, null, null, null, null);
INSERT INTO `topic_other` VALUES ('00400', '5 อันดับโรค', null, null, null, null, null);

-- ----------------------------
-- Table structure for topic_qof
-- ----------------------------
DROP TABLE IF EXISTS `topic_qof`;
CREATE TABLE `topic_qof` (
  `id` varchar(11) NOT NULL,
  `topic` varchar(255) DEFAULT NULL,
  `note1` varchar(255) DEFAULT NULL,
  `note2` varchar(255) DEFAULT NULL,
  `note3` varchar(255) DEFAULT NULL,
  `note4` varchar(255) DEFAULT NULL,
  `note5` varchar(255) DEFAULT NULL,
  PRIMARY KEY (`id`)
) ENGINE=InnoDB DEFAULT CHARSET=utf8;

-- ----------------------------
-- Records of topic_qof
-- ----------------------------
INSERT INTO `topic_qof` VALUES ('00101', 'รายงานร้อยละหญิงตั้งครรภ์ที่มาฝากครรภ์ครั้งแรกก่อน ๑๒ สัปดาห์', null, null, null, null, null);
INSERT INTO `topic_qof` VALUES ('00102', 'รายงานร้อยละหญิงตั้งครรภ์ได้รับการฝากครรภ์ครบ ๕ ครั้งตามเกณฑ์', null, null, null, null, null);
INSERT INTO `topic_qof` VALUES ('00103', 'รายงานป้องกันและควบคุมโรคมะเร็งปากมดลูก', null, null, null, null, null);
INSERT INTO `topic_qof` VALUES ('00104', 'รายงานร้อยละของเด็กอายุ 1 ปี ได้รับวัคซีนโรคหัด', null, null, null, null, null);
INSERT INTO `topic_qof` VALUES ('00105', 'รายงานการได้รับบริการตรวจสุขภาพช่องปากเด็ก ป.1', null, null, null, null, null);
INSERT INTO `topic_qof` VALUES ('00106', 'รายงานการได้รับการเคลือบหลุมร่องฟันเด็ก ป.1', null, null, null, null, null);
INSERT INTO `topic_qof` VALUES ('00201', 'รายงานร้อยละการใช้บริการของประชาชนในเขตรับผิดชอบใช้บริการผู้ป่วยนอก (OPD) ที่หน่วยบริการปฐมภูมิ (OP Visit)', null, null, null, null, null);
INSERT INTO `topic_qof` VALUES ('00202', 'รายงานอัตราการรับไว้รักษาในโรงพยาบาลผู้ป่วยโรคหืด', null, null, null, null, null);
INSERT INTO `topic_qof` VALUES ('00203', 'รายงานอัตราการใช้บริการของผู้ป่วยในด้วยโรคเบาหวานที่มีภาวะแทรกซ้อนระยะสั้นสิทธิ UC', null, null, null, null, null);
INSERT INTO `topic_qof` VALUES ('00204', 'รายงานอัตราการรับไว้รักษาในโรงพยาบาล (Admission rate) โดยโรคความดันโลหิตสูงหรือภาวะแทรกซ้อนของความดันโลหิตสูง สิทธิ UC', null, null, null, null, null);
INSERT INTO `topic_qof` VALUES ('00205', 'รายงานหน่วยบริการที่มีการสั่งยาสมุนไพร (43 แฟ้ม)', null, null, null, null, null);
INSERT INTO `topic_qof` VALUES ('00301', 'ร้อยละประชาชนมีหมอใกล้บ้านใกล้ใจดูแล', null, null, null, null, null);
INSERT INTO `topic_qof` VALUES ('00302', 'ร้อยละหน่วยบริการปฐมภูมิผ่านเกณฑ์ขึ้นทะเบียน', null, null, null, null, null);

-- ----------------------------
-- Table structure for topic_region
-- ----------------------------
DROP TABLE IF EXISTS `topic_region`;
CREATE TABLE `topic_region` (
  `id` varchar(11) NOT NULL,
  `topic` varchar(255) DEFAULT NULL,
  `note1` varchar(255) DEFAULT NULL COMMENT 'แหล่งข้อมูล',
  `note2` varchar(255) DEFAULT NULL COMMENT 'ผ่านเกณฑ์',
  `note3` varchar(255) DEFAULT NULL,
  `note4` varchar(255) DEFAULT NULL,
  `note5` varchar(255) DEFAULT NULL,
  PRIMARY KEY (`id`)
) ENGINE=InnoDB DEFAULT CHARSET=utf8;

-- ----------------------------
-- Records of topic_region
-- ----------------------------
INSERT INTO `topic_region` VALUES ('00100', 'ร้อยละของ MCH Board ระดับจังหวัด มีกลไกในการเฝ้าระวังและแก้ปัญหาสุขภาพอนามัยแม่และเด็ก', 'F43', '80.00', null, null, null);
INSERT INTO `topic_region` VALUES ('00200', 'ร้อยละของเด็กอายุ 0-3 ปี มีพัฒนาการสมวัย  (มากกว่าร้อยละ  85)', 'F43', '90.00', null, null, null);
INSERT INTO `topic_region` VALUES ('00300', 'ร้อยละของเด็ก 0-3 ปี ได้รับวัคซีน MMR ตามเกณฑ์ (มากกว่าร้อยละ  95)', 'F43', null, null, null, null);
INSERT INTO `topic_region` VALUES ('00400', 'ความสำเร็จของตัวชี้วัดตาม Service Plan แต่ละสาขาไม่น้อยกว่า  ร้อยละ  80', 'INPUT', null, null, null, null);
INSERT INTO `topic_region` VALUES ('00500', 'ความครอบคลุมของหน่วยงาน/สถานบริการ ที่บุคลากรมีความผาสุก (Happyness Index) ตามเกณฑ์กรมสุขภาพจิต (≥ ร้อยละ 90 )', 'INPUT', null, null, null, null);
INSERT INTO `topic_region` VALUES ('00600', 'ร้อยละของ สสจ.และ CUP ผ่านเกณฑ์การตรวจสอบคุณภาพบัญชีทางอิเลคทรอนิคส์ เฉลี่ยร้อยละ 95  ขึ้นไป                                                                                   ', 'INPUT', null, null, null, null);
INSERT INTO `topic_region` VALUES ('00700', 'ระดับความสําเร็จของการจัดการความรู้ของหน่วยงานตามหลัก กพร.ที่นำไปสู่การแก้ไขปัญหาสุขภาพในพื้นที่ที่เป็นปัญหาหลักอย่างเป็นรูปธรรม   เป้าหมายความสำเร็จ ขั้นตอนที่  5', 'INPUT', null, null, null, null);

-- ----------------------------
-- Procedure structure for all_processs
-- ----------------------------
DROP PROCEDURE IF EXISTS `all_processs`;
DELIMITER ;;
CREATE DEFINER=`root`@`%` PROCEDURE `all_processs`()
BEGIN
	call proc_update_ratio;
  call cal_kpi_type_all;

END
;;
DELIMITER ;

-- ----------------------------
-- Procedure structure for cal_kpi_cmi
-- ----------------------------
DROP PROCEDURE IF EXISTS `cal_kpi_cmi`;
DELIMITER ;;
CREATE DEFINER=`tehnn`@`%` PROCEDURE `cal_kpi_cmi`()
BEGIN
	#Routine body goes here...


#DROP TABLE IF EXISTS rpt_panth_visit_ratio;
#CREATE TABLE IF NOT EXISTS rpt_panth_visit_ratio;


DROP TABLE IF EXISTS tmp_kpi_cmi;
CREATE TABLE  tmp_kpi_cmi
SELECT k.rep_year,c.provname,c.hospcode,c.hospname,k.sumcase,k.sumadjrw,k.refcmi
FROM chos c
LEFT JOIN kpi_cmi k on k.hospcode=c.hospcode
ORDER BY k.provcode;


END
;;
DELIMITER ;

-- ----------------------------
-- Procedure structure for cal_kpi_type_all
-- ----------------------------
DROP PROCEDURE IF EXISTS `cal_kpi_type_all`;
DELIMITER ;;
CREATE DEFINER=`tehnn`@`%` PROCEDURE `cal_kpi_type_all`()
BEGIN
	#Routine body goes here...


#DROP TABLE IF EXISTS rpt_panth_visit_ratio;
#CREATE TABLE IF NOT EXISTS rpt_panth_visit_ratio;


DROP TABLE IF EXISTS kpi_type_total;
CREATE TABLE  kpi_type_total
select t.kpi_id,t.rep_year,t.hospcode,t.provcode,t.ampcode,t.target,t.total,
t.mon1,t.mon2,t.mon3,t.mon4,t.mon5,t.mon6,t.mon7,t.mon8,t.mon9,t.mon10,t.mon11,t.mon12,t.ratio
from (
select k1.kpi_id,k1.rep_year,k1.hospcode,k1.provcode,k1.ampcode,k1.target,k1.total,
k1.mon1,k1.mon2,k1.mon3,k1.mon4,k1.mon5,k1.mon6,k1.mon7,k1.mon8,k1.mon9,k1.mon10,k1.mon11,k1.mon12,k1.ratio 
from kpi_type_1 k1 

union all 
select k2.kpi_id,k2.rep_year,'' as hospcode,k2.provcode,k2.ampcode,k2.target,k2.total,
k2.mon1,k2.mon2,k2.mon3,k2.mon4,k2.mon5,k2.mon6,k2.mon7,k2.mon8,k2.mon9,k2.mon10,k2.mon11,k2.mon12,k2.ratio  
from kpi_type_2 k2 

union all 
SELECT k3.kpi_id,k3.rep_year,'' as hospcode,k3.provcode,'' as ampcode,k3.target,k3.total,
k3.mon1,k3.mon2,k3.mon3,k3.mon4,k3.mon5,k3.mon6,k3.mon7,k3.mon8,k3.mon9,k3.mon10,k3.mon11,k3.mon12,k3.ratio  
from kpi_type_3 k3 
) t;


END
;;
DELIMITER ;

-- ----------------------------
-- Procedure structure for kpi_typ1_sum_total
-- ----------------------------
DROP PROCEDURE IF EXISTS `kpi_typ1_sum_total`;
DELIMITER ;;
CREATE DEFINER=`root`@`%` PROCEDURE `kpi_typ1_sum_total`()
BEGIN
	
UPDATE kpi_type_1 k set k.total = (k.mon1+k.mon2+k.mon3+k.mon4+k.mon5+k.mon6+k.mon7+k.mon8+k.mon9+k.mon10+k.mon11+k.mon12);
UPDATE kpi_type_2 k set k.total = (k.mon1+k.mon2+k.mon3+k.mon4+k.mon5+k.mon6+k.mon7+k.mon8+k.mon9+k.mon10+k.mon11+k.mon12);
UPDATE kpi_type_3 k set k.total = (k.mon1+k.mon2+k.mon3+k.mon4+k.mon5+k.mon6+k.mon7+k.mon8+k.mon9+k.mon10+k.mon11+k.mon12);


END
;;
DELIMITER ;

-- ----------------------------
-- Procedure structure for proc_update_ratio
-- ----------------------------
DROP PROCEDURE IF EXISTS `proc_update_ratio`;
DELIMITER ;;
CREATE DEFINER=`root`@`%` PROCEDURE `proc_update_ratio`()
BEGIN

UPDATE kpi_type_1 k set k.total = (k.mon1+k.mon2+k.mon3+k.mon4+k.mon5+k.mon6+k.mon7+k.mon8+k.mon9+k.mon10+k.mon11+k.mon12);
UPDATE kpi_type_2 k set k.total = (k.mon1+k.mon2+k.mon3+k.mon4+k.mon5+k.mon6+k.mon7+k.mon8+k.mon9+k.mon10+k.mon11+k.mon12);
UPDATE kpi_type_3 k set k.total = (k.mon1+k.mon2+k.mon3+k.mon4+k.mon5+k.mon6+k.mon7+k.mon8+k.mon9+k.mon10+k.mon11+k.mon12);


	UPDATE kpi_type_1 t  set  t.ratio = ROUND((t.total/t.target)*100,2);
	UPDATE kpi_type_2 t  set  t.ratio = ROUND((t.total/t.target)*100,2);
	UPDATE kpi_type_3 t  set  t.ratio = ROUND((t.total/t.target)*100,2);

END
;;
DELIMITER ;

-- ----------------------------
-- Event structure for event1
-- ----------------------------
DROP EVENT IF EXISTS `event1`;
DELIMITER ;;
CREATE DEFINER=`root`@`%` EVENT `event1` ON SCHEDULE EVERY 1 DAY STARTS '2015-04-09 08:47:00' ON COMPLETION NOT PRESERVE ENABLE DO BEGIN

CALL all_processs;

END
;;
DELIMITER ;
